blank_stick_index,cuts_mm,n_cuts,used_length_mm_including_kerf,waste_length_mm
1,120.0,1,120.0,0.0
2,120.0,1,120.0,0.0
3,120.0,1,120.0,0.0
4,120.0,1,120.0,0.0
5,120.0,1,120.0,0.0
6,120.0,1,120.0,0.0
7,120.0,1,120.0,0.0
8,120.0,1,120.0,0.0
9,120.0,1,120.0,0.0
10,120.0,1,120.0,0.0
11,120.0,1,120.0,0.0
12,120.0,1,120.0,0.0
13,120.0,1,120.0,0.0
14,120.0,1,120.0,0.0
15,120.0,1,120.0,0.0
16,120.0,1,120.0,0.0
17,120.0,1,120.0,0.0
18,120.0,1,120.0,0.0
19,120.0,1,120.0,0.0
20,120.0,1,120.0,0.0
21,120.0,1,120.0,0.0
22,120.0,1,120.0,0.0
23,120.0,1,120.0,0.0
24,120.0,1,120.0,0.0
25,120.0,1,120.0,0.0
26,120.0,1,120.0,0.0
27,120.0,1,120.0,0.0
28,120.0,1,120.0,0.0
29,120.0,1,120.0,0.0
30,120.0,1,120.0,0.0
31,120.0,1,120.0,0.0
32,120.0,1,120.0,0.0
33,120.0,1,120.0,0.0
34,120.0,1,120.0,0.0
35,120.0,1,120.0,0.0
36,120.0,1,120.0,0.0
37,120.0,1,120.0,0.0
38,120.0,1,120.0,0.0
39,120.0,1,120.0,0.0
40,120.0,1,120.0,0.0
41,120.0,1,120.0,0.0
42,120.0,1,120.0,0.0
43,120.0,1,120.0,0.0
44,120.0,1,120.0,0.0
45,120.0,1,120.0,0.0
46,120.0,1,120.0,0.0
47,120.0,1,120.0,0.0
48,120.0,1,120.0,0.0
49,120.0,1,120.0,0.0
50,120.0,1,120.0,0.0
51,120.0,1,120.0,0.0
52,120.0,1,120.0,0.0
53,120.0,1,120.0,0.0
54,120.0,1,120.0,0.0
55,120.0,1,120.0,0.0
56,120.0,1,120.0,0.0
57,120.0,1,120.0,0.0
58,120.0,1,120.0,0.0
59,120.0,1,120.0,0.0
60,120.0,1,120.0,0.0
61,120.0,1,120.0,0.0
62,120.0,1,120.0,0.0
63,120.0,1,120.0,0.0
64,120.0,1,120.0,0.0
65,120.0,1,120.0,0.0
66,120.0,1,120.0,0.0
67,120.0,1,120.0,0.0
68,120.0,1,120.0,0.0
69,120.0,1,120.0,0.0
70,120.0,1,120.0,0.0
71,120.0,1,120.0,0.0
72,120.0,1,120.0,0.0
73,120.0,1,120.0,0.0
74,120.0,1,120.0,0.0
75,120.0,1,120.0,0.0
76,120.0,1,120.0,0.0
77,120.0,1,120.0,0.0
78,120.0,1,120.0,0.0
79,120.0,1,120.0,0.0
80,120.0,1,120.0,0.0
81,120.0,1,120.0,0.0
82,120.0,1,120.0,0.0
83,120.0,1,120.0,0.0
84,120.0,1,120.0,0.0
85,120.0,1,120.0,0.0
86,120.0,1,120.0,0.0
87,120.0,1,120.0,0.0
88,120.0,1,120.0,0.0
89,120.0,1,120.0,0.0
90,120.0,1,120.0,0.0
91,120.0,1,120.0,0.0
92,120.0,1,120.0,0.0
93,120.0,1,120.0,0.0
94,120.0,1,120.0,0.0
95,120.0,1,120.0,0.0
96,120.0,1,120.0,0.0
97,120.0,1,120.0,0.0
98,120.0,1,120.0,0.0
99,120.0,1,120.0,0.0
100,120.0,1,120.0,0.0
101,120.0,1,120.0,0.0
102,120.0,1,120.0,0.0
103,120.0,1,120.0,0.0
104,120.0,1,120.0,0.0
105,120.0,1,120.0,0.0
106,120.0,1,120.0,0.0
107,120.0,1,120.0,0.0
108,120.0,1,120.0,0.0
109,120.0,1,120.0,0.0
110,120.0,1,120.0,0.0
111,120.0,1,120.0,0.0
112,120.0,1,120.0,0.0
113,120.0,1,120.0,0.0
114,120.0,1,120.0,0.0
115,120.0,1,120.0,0.0
116,120.0,1,120.0,0.0
117,120.0,1,120.0,0.0
118,120.0,1,120.0,0.0
119,120.0,1,120.0,0.0
120,120.0,1,120.0,0.0
121,120.0,1,120.0,0.0
122,120.0,1,120.0,0.0
123,120.0,1,120.0,0.0
124,120.0,1,120.0,0.0
125,120.0,1,120.0,0.0
126,120.0,1,120.0,0.0
127,120.0,1,120.0,0.0
128,120.0,1,120.0,0.0
129,120.0,1,120.0,0.0
130,120.0,1,120.0,0.0
131,120.0,1,120.0,0.0
132,120.0,1,120.0,0.0
133,120.0,1,120.0,0.0
134,120.0,1,120.0,0.0
135,120.0,1,120.0,0.0
136,120.0,1,120.0,0.0
137,120.0,1,120.0,0.0
138,120.0,1,120.0,0.0
139,120.0,1,120.0,0.0
140,120.0,1,120.0,0.0
141,120.0,1,120.0,0.0
142,120.0,1,120.0,0.0
143,120.0,1,120.0,0.0
144,120.0,1,120.0,0.0
145,120.0,1,120.0,0.0
146,120.0,1,120.0,0.0
147,120.0,1,120.0,0.0
148,120.0,1,120.0,0.0
149,120.0,1,120.0,0.0
150,120.0,1,120.0,0.0
151,120.0,1,120.0,0.0
152,120.0,1,120.0,0.0
153,120.0,1,120.0,0.0
154,120.0,1,120.0,0.0
155,120.0,1,120.0,0.0
156,120.0,1,120.0,0.0
157,120.0,1,120.0,0.0
158,120.0,1,120.0,0.0
159,120.0,1,120.0,0.0
160,120.0,1,120.0,0.0
161,120.0,1,120.0,0.0
162,120.0,1,120.0,0.0
163,120.0,1,120.0,0.0
164,120.0,1,120.0,0.0
165,120.0,1,120.0,0.0
166,120.0,1,120.0,0.0
167,120.0,1,120.0,0.0
168,120.0,1,120.0,0.0
169,120.0,1,120.0,0.0
170,120.0,1,120.0,0.0
171,120.0,1,120.0,0.0
172,120.0,1,120.0,0.0
173,120.0,1,120.0,0.0
174,120.0,1,120.0,0.0
175,120.0,1,120.0,0.0
176,120.0,1,120.0,0.0
177,120.0,1,120.0,0.0
178,120.0,1,120.0,0.0
179,120.0,1,120.0,0.0
180,120.0,1,120.0,0.0
181,120.0,1,120.0,0.0
182,120.0,1,120.0,0.0
183,120.0,1,120.0,0.0
184,120.0,1,120.0,0.0
185,120.0,1,120.0,0.0
186,120.0,1,120.0,0.0
187,120.0,1,120.0,0.0
188,120.0,1,120.0,0.0
189,120.0,1,120.0,0.0
190,120.0,1,120.0,0.0
191,120.0,1,120.0,0.0
192,120.0,1,120.0,0.0
193,120.0,1,120.0,0.0
194,120.0,1,120.0,0.0
195,120.0,1,120.0,0.0
196,120.0,1,120.0,0.0
197,120.0,1,120.0,0.0
198,120.0,1,120.0,0.0
199,120.0,1,120.0,0.0
200,120.0,1,120.0,0.0
201,120.0,1,120.0,0.0
202,120.0,1,120.0,0.0
203,120.0,1,120.0,0.0
204,120.0,1,120.0,0.0
205,120.0,1,120.0,0.0
206,120.0,1,120.0,0.0
207,120.0,1,120.0,0.0
208,120.0,1,120.0,0.0
209,120.0,1,120.0,0.0
210,120.0,1,120.0,0.0
211,120.0,1,120.0,0.0
212,120.0,1,120.0,0.0
213,120.0,1,120.0,0.0
214,120.0,1,120.0,0.0
215,120.0,1,120.0,0.0
216,120.0,1,120.0,0.0
217,120.0,1,120.0,0.0
218,120.0,1,120.0,0.0
219,120.0,1,120.0,0.0
220,120.0,1,120.0,0.0
221,120.0,1,120.0,0.0
222,120.0,1,120.0,0.0
223,120.0,1,120.0,0.0
224,120.0,1,120.0,0.0
225,120.0,1,120.0,0.0
226,120.0,1,120.0,0.0
227,120.0,1,120.0,0.0
228,120.0,1,120.0,0.0
229,120.0,1,120.0,0.0
230,120.0,1,120.0,0.0
231,120.0,1,120.0,0.0
232,120.0,1,120.0,0.0
233,120.0,1,120.0,0.0
234,120.0,1,120.0,0.0
235,120.0,1,120.0,0.0
236,120.0,1,120.0,0.0
237,120.0,1,120.0,0.0
238,120.0,1,120.0,0.0
239,120.0,1,120.0,0.0
240,120.0,1,120.0,0.0
241,120.0,1,120.0,0.0
242,120.0,1,120.0,0.0
243,120.0,1,120.0,0.0
244,120.0,1,120.0,0.0
245,120.0,1,120.0,0.0
246,120.0,1,120.0,0.0
247,120.0,1,120.0,0.0
248,120.0,1,120.0,0.0
249,120.0,1,120.0,0.0
250,120.0,1,120.0,0.0
251,120.0,1,120.0,0.0
252,120.0,1,120.0,0.0
253,120.0,1,120.0,0.0
254,120.0,1,120.0,0.0
255,120.0,1,120.0,0.0
256,120.0,1,120.0,0.0
257,120.0,1,120.0,0.0
258,120.0,1,120.0,0.0
259,120.0,1,120.0,0.0
260,120.0,1,120.0,0.0
261,120.0,1,120.0,0.0
262,120.0,1,120.0,0.0
263,120.0,1,120.0,0.0
264,120.0,1,120.0,0.0
265,120.0,1,120.0,0.0
266,120.0,1,120.0,0.0
267,120.0,1,120.0,0.0
268,120.0,1,120.0,0.0
269,120.0,1,120.0,0.0
270,120.0,1,120.0,0.0
271,120.0,1,120.0,0.0
272,120.0,1,120.0,0.0
273,120.0,1,120.0,0.0
274,120.0,1,120.0,0.0
275,120.0,1,120.0,0.0
276,120.0,1,120.0,0.0
277,120.0,1,120.0,0.0
278,120.0,1,120.0,0.0
279,120.0,1,120.0,0.0
280,120.0,1,120.0,0.0
281,120.0,1,120.0,0.0
282,120.0,1,120.0,0.0
283,120.0,1,120.0,0.0
284,120.0,1,120.0,0.0
285,120.0,1,120.0,0.0
286,120.0,1,120.0,0.0
287,120.0,1,120.0,0.0
288,120.0,1,120.0,0.0
289,120.0,1,120.0,0.0
290,120.0,1,120.0,0.0
291,120.0,1,120.0,0.0
292,120.0,1,120.0,0.0
293,120.0,1,120.0,0.0
294,120.0,1,120.0,0.0
295,120.0,1,120.0,0.0
296,120.0,1,120.0,0.0
297,120.0,1,120.0,0.0
298,120.0,1,120.0,0.0
299,120.0,1,120.0,0.0
300,120.0,1,120.0,0.0
301,120.0,1,120.0,0.0
302,120.0,1,120.0,0.0
303,120.0,1,120.0,0.0
304,120.0,1,120.0,0.0
305,120.0,1,120.0,0.0
306,120.0,1,120.0,0.0
307,120.0,1,120.0,0.0
308,120.0,1,120.0,0.0
309,120.0,1,120.0,0.0
310,120.0,1,120.0,0.0
311,120.0,1,120.0,0.0
312,120.0,1,120.0,0.0
313,120.0,1,120.0,0.0
314,120.0,1,120.0,0.0
315,120.0,1,120.0,0.0
316,120.0,1,120.0,0.0
317,120.0,1,120.0,0.0
318,120.0,1,120.0,0.0
319,120.0,1,120.0,0.0
320,120.0,1,120.0,0.0
321,120.0,1,120.0,0.0
322,120.0,1,120.0,0.0
323,120.0,1,120.0,0.0
324,120.0,1,120.0,0.0
325,120.0,1,120.0,0.0
326,120.0,1,120.0,0.0
327,120.0,1,120.0,0.0
328,120.0,1,120.0,0.0
329,120.0,1,120.0,0.0
330,120.0,1,120.0,0.0
331,120.0,1,120.0,0.0
332,120.0,1,120.0,0.0
333,120.0,1,120.0,0.0
334,120.0,1,120.0,0.0
335,120.0,1,120.0,0.0
336,120.0,1,120.0,0.0
337,120.0,1,120.0,0.0
338,120.0,1,120.0,0.0
339,120.0,1,120.0,0.0
340,120.0,1,120.0,0.0
341,120.0,1,120.0,0.0
342,120.0,1,120.0,0.0
343,120.0,1,120.0,0.0
344,120.0,1,120.0,0.0
345,120.0,1,120.0,0.0
346,120.0,1,120.0,0.0
347,120.0,1,120.0,0.0
348,120.0,1,120.0,0.0
349,120.0,1,120.0,0.0
350,120.0,1,120.0,0.0
351,120.0,1,120.0,0.0
352,120.0,1,120.0,0.0
353,120.0,1,120.0,0.0
354,120.0,1,120.0,0.0
355,120.0,1,120.0,0.0
356,120.0,1,120.0,0.0
357,120.0,1,120.0,0.0
358,120.0,1,120.0,0.0
359,120.0,1,120.0,0.0
360,120.0,1,120.0,0.0
361,120.0,1,120.0,0.0
362,120.0,1,120.0,0.0
363,120.0,1,120.0,0.0
364,120.0,1,120.0,0.0
365,118.8,1,118.83273476902781,1.1672652309721911
366,118.8,1,118.83273476902781,1.1672652309721911
367,118.8,1,118.83273476902781,1.1672652309721911
368,118.8,1,118.83273476902781,1.1672652309721911
369,118.8,1,118.83273476902781,1.1672652309721911
370,118.8,1,118.83273476902781,1.1672652309721911
371,118.8,1,118.83273476902781,1.1672652309721911
372,118.8,1,118.83273476902781,1.1672652309721911
373,118.8,1,118.83273476902778,1.1672652309722196
374,118.8,1,118.83273476902778,1.1672652309722196
375,118.8,1,118.83273476902778,1.1672652309722196
376,118.8,1,118.83273476902778,1.1672652309722196
377,118.8,1,118.83273476902778,1.1672652309722196
378,118.8,1,118.83273476902778,1.1672652309722196
379,118.8,1,118.83273476902778,1.1672652309722196
380,118.8,1,118.83273476902778,1.1672652309722196
381,112.5,1,112.48456731316588,7.515432686834117
382,112.5,1,112.48456731316588,7.515432686834117
383,112.5,1,112.48456731316588,7.515432686834117
384,112.5,1,112.48456731316588,7.515432686834117
385,110.6,1,110.61018031108102,9.389819688918976
386,110.6,1,110.61018031108102,9.389819688918976
387,110.6,1,110.61018031108102,9.389819688918976
388,110.6,1,110.61018031108102,9.389819688918976
389,110.6,1,110.61018031108102,9.389819688918976
390,110.6,1,110.61018031108102,9.389819688918976
391,110.6,1,110.61018031108102,9.389819688918976
392,110.6,1,110.61018031108102,9.389819688918976
393,110.0,1,110.0,10.0
394,110.0,1,110.0,10.0
395,110.0,1,110.0,10.0
396,110.0,1,110.0,10.0
397,110.0,1,110.0,10.0
398,110.0,1,110.0,10.0
399,110.0,1,109.99999999999999,10.000000000000014
400,110.0,1,109.99999999999999,10.000000000000014
401,110.0,1,109.99999999999999,10.000000000000014
402,110.0,1,109.99999999999999,10.000000000000014
403,110.0,1,109.99999999999999,10.000000000000014
404,110.0,1,109.99999999999999,10.000000000000014
405,107.2,1,107.2308292331602,12.769170766839807
406,107.2,1,107.2308292331602,12.769170766839807
407,107.2,1,107.2308292331602,12.769170766839807
408,107.2,1,107.2308292331602,12.769170766839807
409,107.2,1,107.2308292331602,12.769170766839807
410,107.2,1,107.2308292331602,12.769170766839807
411,107.2,1,107.2308292331602,12.769170766839807
412,107.2,1,107.2308292331602,12.769170766839807
413,107.2,1,107.2308292331602,12.769170766839807
414,107.2,1,107.2308292331602,12.769170766839807
415,107.2,1,107.2308292331602,12.769170766839807
416,107.2,1,107.2308292331602,12.769170766839807
417,107.2,1,107.2308292331602,12.769170766839807
418,107.2,1,107.2308292331602,12.769170766839807
419,107.2,1,107.2308292331602,12.769170766839807
420,107.2,1,107.2308292331602,12.769170766839807
421,107.2,1,107.2308292331602,12.769170766839807
422,107.2,1,107.2308292331602,12.769170766839807
423,107.2,1,107.2308292331602,12.769170766839807
424,107.2,1,107.2308292331602,12.769170766839807
425,106.5,1,106.51030205780306,13.48969794219694
426,106.5,1,106.51030205780306,13.48969794219694
427,106.5,1,106.51030205780306,13.48969794219694
428,106.5,1,106.51030205780306,13.48969794219694
429,106.5,1,106.51030205780306,13.48969794219694
430,106.5,1,106.51030205780306,13.48969794219694
431,106.5,1,106.51030205780306,13.48969794219694
432,106.5,1,106.51030205780306,13.48969794219694
433,106.5,1,106.51030205780306,13.48969794219694
434,106.5,1,106.51030205780306,13.48969794219694
435,106.5,1,106.51030205780306,13.48969794219694
436,106.5,1,106.51030205780306,13.48969794219694
437,106.5,1,106.51030205780306,13.48969794219694
438,106.5,1,106.51030205780306,13.48969794219694
439,106.5,1,106.51030205780306,13.48969794219694
440,106.5,1,106.51030205780306,13.48969794219694
441,106.5,1,106.51030205780306,13.48969794219694
442,106.5,1,106.51030205780306,13.48969794219694
443,106.5,1,106.51030205780306,13.48969794219694
444,106.5,1,106.51030205780306,13.48969794219694
445,106.5,1,106.51030205780306,13.48969794219694
446,106.5,1,106.51030205780306,13.48969794219694
447,106.5,1,106.51030205780306,13.48969794219694
448,106.5,1,106.51030205780306,13.48969794219694
449,106.5,1,106.51030205780306,13.48969794219694
450,106.5,1,106.51030205780306,13.48969794219694
451,106.5,1,106.51030205780306,13.48969794219694
452,106.5,1,106.51030205780306,13.48969794219694
453,106.5,1,106.51030205780306,13.48969794219694
454,106.5,1,106.51030205780306,13.48969794219694
455,106.5,1,106.51030205780306,13.48969794219694
456,106.5,1,106.51030205780306,13.48969794219694
457,106.5,1,106.51030205780306,13.48969794219694
458,106.5,1,106.51030205780306,13.48969794219694
459,106.5,1,106.51030205780306,13.48969794219694
460,106.5,1,106.51030205780306,13.48969794219694
461,106.5,1,106.51030205780306,13.48969794219694
462,106.5,1,106.51030205780306,13.48969794219694
463,106.5,1,106.51030205780306,13.48969794219694
464,106.5,1,106.51030205780306,13.48969794219694
465,106.5,1,106.51030205780306,13.48969794219694
466,106.5,1,106.51030205780306,13.48969794219694
467,106.5,1,106.51030205780306,13.48969794219694
468,106.5,1,106.51030205780306,13.48969794219694
469,106.5,1,106.51030205780306,13.48969794219694
470,106.5,1,106.51030205780306,13.48969794219694
471,106.5,1,106.51030205780306,13.48969794219694
472,106.5,1,106.51030205780306,13.48969794219694
473,106.5,1,106.51030205780306,13.48969794219694
474,106.5,1,106.51030205780306,13.48969794219694
475,106.5,1,106.51030205780305,13.489697942196955
476,106.5,1,106.51030205780305,13.489697942196955
477,106.5,1,106.51030205780305,13.489697942196955
478,106.5,1,106.51030205780305,13.489697942196955
479,106.5,1,106.51030205780305,13.489697942196955
480,106.5,1,106.51030205780305,13.489697942196955
481,106.5,1,106.51030205780305,13.489697942196955
482,106.5,1,106.51030205780305,13.489697942196955
483,106.5,1,106.51030205780305,13.489697942196955
484,106.5,1,106.51030205780305,13.489697942196955
485,106.5,1,106.51030205780305,13.489697942196955
486,106.5,1,106.51030205780305,13.489697942196955
487,106.5,1,106.51030205780305,13.489697942196955
488,106.5,1,106.51030205780305,13.489697942196955
489,106.5,1,106.51030205780305,13.489697942196955
490,106.5,1,106.51030205780305,13.489697942196955
491,106.5,1,106.51030205780305,13.489697942196955
492,106.5,1,106.51030205780305,13.489697942196955
493,106.5,1,106.51030205780305,13.489697942196955
494,106.5,1,106.51030205780305,13.489697942196955
495,106.5,1,106.51030205780305,13.489697942196955
496,106.5,1,106.51030205780305,13.489697942196955
497,106.5,1,106.51030205780305,13.489697942196955
498,106.5,1,106.51030205780305,13.489697942196955
499,106.5,1,106.51030205780305,13.489697942196955
500,106.5,1,106.51030205780305,13.489697942196955
501,106.5,1,106.51030205780305,13.489697942196955
502,106.5,1,106.51030205780305,13.489697942196955
503,106.5,1,106.51030205780305,13.489697942196955
504,106.5,1,106.51030205780305,13.489697942196955
505,100.0,1,100.0,20.0
506,100.0,1,100.0,20.0
507,100.0,1,100.0,20.0
508,100.0,1,100.0,20.0
509,100.0,1,100.0,20.0
510,100.0,1,100.0,20.0
511,100.0,1,100.0,20.0
512,100.0,1,100.0,20.0
513,100.0,1,100.0,20.0
514,100.0,1,100.0,20.0
515,100.0,1,100.0,20.0
516,100.0,1,100.0,20.0
517,100.0,1,100.0,20.0
518,100.0,1,100.0,20.0
519,100.0,1,100.0,20.0
520,100.0,1,100.0,20.0
521,100.0,1,100.0,20.0
522,100.0,1,100.0,20.0
523,100.0,1,100.0,20.0
524,100.0,1,100.0,20.0
525,100.0,1,100.0,20.0
526,100.0,1,100.0,20.0
527,100.0,1,100.0,20.0
528,100.0,1,100.0,20.0
529,100.0,1,100.0,20.0
530,100.0,1,100.0,20.0
531,100.0,1,100.0,20.0
532,100.0,1,100.0,20.0
533,100.0,1,100.0,20.0
534,100.0,1,100.0,20.0
535,100.0,1,100.0,20.0
536,100.0,1,100.0,20.0
537,100.0,1,100.0,20.0
538,100.0,1,100.0,20.0
539,100.0,1,100.0,20.0
540,100.0,1,100.0,20.0
541,100.0,1,100.0,20.0
542,100.0,1,100.0,20.0
543,100.0,1,100.0,20.0
544,100.0,1,100.0,20.0
545,100.0,1,100.0,20.0
546,100.0,1,100.0,20.0
547,100.0,1,100.0,20.0
548,100.0,1,100.0,20.0
549,100.0,1,100.0,20.0
550,100.0,1,100.0,20.0
551,100.0,1,100.0,20.0
552,100.0,1,100.0,20.0
553,100.0,1,100.0,20.0
554,100.0,1,100.0,20.0
555,100.0,1,100.0,20.0
556,100.0,1,100.0,20.0
557,100.0,1,100.0,20.0
558,100.0,1,100.0,20.0
559,100.0,1,100.0,20.0
560,100.0,1,100.0,20.0
561,100.0,1,100.0,20.0
562,100.0,1,100.0,20.0
563,100.0,1,100.0,20.0
564,100.0,1,100.0,20.0
565,100.0,1,100.0,20.0
566,100.0,1,100.0,20.0
567,100.0,1,100.0,20.0
568,100.0,1,100.0,20.0
569,100.0,1,100.0,20.0
570,100.0,1,100.0,20.0
571,100.0,1,100.0,20.0
572,100.0,1,100.0,20.0
573,100.0,1,100.0,20.0
574,100.0,1,100.0,20.0
575,100.0,1,100.0,20.0
576,100.0,1,100.0,20.0
577,100.0,1,100.0,20.0
578,100.0,1,100.0,20.0
579,100.0,1,100.0,20.0
580,100.0,1,100.0,20.0
581,100.0,1,100.0,20.0
582,100.0,1,100.0,20.0
583,100.0,1,100.0,20.0
584,100.0,1,100.0,20.0
585,100.0,1,100.0,20.0
586,100.0,1,100.0,20.0
587,100.0,1,100.0,20.0
588,100.0,1,100.0,20.0
589,100.0,1,100.0,20.0
590,100.0,1,100.0,20.0
591,100.0,1,100.0,20.0
592,100.0,1,100.0,20.0
593,100.0,1,100.0,20.0
594,100.0,1,100.0,20.0
595,100.0,1,100.0,20.0
596,100.0,1,100.0,20.0
597,100.0,1,100.0,20.0
598,100.0,1,100.0,20.0
599,100.0,1,100.0,20.0
600,100.0,1,100.0,20.0
601,100.0,1,100.0,20.0
602,100.0,1,100.0,20.0
603,100.0,1,100.0,20.0
604,100.0,1,100.0,20.0
605,100.0,1,100.0,20.0
606,100.0,1,100.0,20.0
607,100.0,1,100.0,20.0
608,100.0,1,100.0,20.0
609,100.0,1,100.0,20.0
610,100.0,1,100.0,20.0
611,100.0,1,100.0,20.0
612,100.0,1,100.0,20.0
613,100.0,1,100.0,20.0
614,100.0,1,100.0,20.0
615,100.0,1,100.0,20.0
616,100.0,1,100.0,20.0
617,100.0,1,100.0,20.0
618,100.0,1,100.0,20.0
619,100.0,1,100.0,20.0
620,100.0,1,100.0,20.0
621,100.0,1,100.0,20.0
622,100.0,1,100.0,20.0
623,100.0,1,100.0,20.0
624,100.0,1,100.0,20.0
625,100.0,1,100.0,20.0
626,100.0,1,100.0,20.0
627,100.0,1,100.0,20.0
628,100.0,1,100.0,20.0
629,100.0,1,100.0,20.0
630,100.0,1,100.0,20.0
631,100.0,1,100.0,20.0
632,100.0,1,100.0,20.0
633,100.0,1,100.0,20.0
634,100.0,1,100.0,20.0
635,100.0,1,100.0,20.0
636,100.0,1,100.0,20.0
637,100.0,1,100.0,20.0
638,100.0,1,100.0,20.0
639,100.0,1,100.0,20.0
640,100.0,1,100.0,20.0
641,100.0,1,100.0,20.0
642,100.0,1,100.0,20.0
643,100.0,1,100.0,20.0
644,100.0,1,100.0,20.0
645,100.0,1,100.0,20.0
646,100.0,1,100.0,20.0
647,100.0,1,100.0,20.0
648,100.0,1,100.0,20.0
649,100.0,1,100.0,20.0
650,100.0,1,100.0,20.0
651,100.0,1,100.0,20.0
652,100.0,1,100.0,20.0
653,100.0,1,100.0,20.0
654,100.0,1,100.0,20.0
655,100.0,1,100.0,20.0
656,100.0,1,100.0,20.0
657,100.0,1,100.0,20.0
658,100.0,1,100.0,20.0
659,100.0,1,100.0,20.0
660,100.0,1,100.0,20.0
661,100.0,1,100.0,20.0
662,100.0,1,100.0,20.0
663,100.0,1,100.0,20.0
664,100.0,1,100.0,20.0
665,100.0,1,100.0,20.0
666,100.0,1,100.0,20.0
667,100.0,1,100.0,20.0
668,100.0,1,100.0,20.0
669,100.0,1,100.0,20.0
670,100.0,1,100.0,20.0
671,100.0,1,100.0,20.0
672,100.0,1,100.0,20.0
673,100.0,1,100.0,20.0
674,100.0,1,100.0,20.0
675,100.0,1,100.0,20.0
676,100.0,1,100.0,20.0
677,100.0,1,100.0,20.0
678,100.0,1,100.0,20.0
679,100.0,1,100.0,20.0
680,100.0,1,100.0,20.0
681,100.0,1,100.0,20.0
682,100.0,1,100.0,20.0
683,100.0,1,100.0,20.0
684,100.0,1,100.0,20.0
685,100.0,1,100.0,20.0
686,100.0,1,100.0,20.0
687,100.0,1,100.0,20.0
688,100.0,1,100.0,20.0
689,100.0,1,100.0,20.0
690,100.0,1,100.0,20.0
691,100.0,1,100.0,20.0
692,100.0,1,100.0,20.0
693,98.0,1,98.02877548915689,21.971224510843115
694,98.0,1,98.02877548915689,21.971224510843115
695,98.0,1,98.02877548915689,21.971224510843115
696,98.0,1,98.02877548915689,21.971224510843115
697,98.0,1,98.02877548915689,21.971224510843115
698,98.0,1,98.02877548915689,21.971224510843115
699,98.0,1,98.02877548915689,21.971224510843115
700,98.0,1,98.02877548915689,21.971224510843115
701,98.0,1,98.02877548915689,21.971224510843115
702,98.0,1,98.02877548915689,21.971224510843115
703,95.1,1,95.14258769331755,24.85741230668245
704,95.1,1,95.14258769331755,24.85741230668245
705,95.1,1,95.14258769331755,24.85741230668245
706,95.1,1,95.14258769331755,24.85741230668245
707,95.1,1,95.14258769331752,24.857412306682477
708,95.1,1,95.14258769331752,24.857412306682477
709,95.1,1,95.14258769331752,24.857412306682477
710,95.1,1,95.14258769331752,24.857412306682477
711,93.3,1,93.33333333333334,26.666666666666657
712,93.3,1,93.33333333333334,26.666666666666657
713,93.3,1,93.33333333333334,26.666666666666657
714,93.3,1,93.33333333333334,26.666666666666657
715,93.3,1,93.33333333333334,26.666666666666657
716,93.3,1,93.33333333333334,26.666666666666657
717,93.3,1,93.33333333333331,26.666666666666686
718,93.3,1,93.33333333333331,26.666666666666686
719,93.3,1,93.33333333333331,26.666666666666686
720,93.3,1,93.33333333333331,26.666666666666686
721,93.3,1,93.33333333333331,26.666666666666686
722,93.3,1,93.33333333333331,26.666666666666686
723,87.5,1,87.5136927425913,32.4863072574087
724,87.5,1,87.5136927425913,32.4863072574087
725,87.5,1,87.5136927425913,32.4863072574087
726,87.5,1,87.5136927425913,32.4863072574087
727,87.5,1,87.5136927425913,32.4863072574087
728,87.5,1,87.5136927425913,32.4863072574087
729,87.5,1,87.5136927425913,32.4863072574087
730,87.5,1,87.5136927425913,32.4863072574087
731,87.5,1,87.5136927425913,32.4863072574087
732,87.5,1,87.5136927425913,32.4863072574087
733,87.5,1,87.5136927425913,32.4863072574087
734,87.5,1,87.5136927425913,32.4863072574087
735,87.5,1,87.5136927425913,32.4863072574087
736,87.5,1,87.5136927425913,32.4863072574087
737,87.5,1,87.5136927425913,32.4863072574087
738,87.5,1,87.5136927425913,32.4863072574087
739,80.0;34.0,2,115.0071682515885,4.992831748411504
740,80.0;34.0,2,115.0071682515885,4.992831748411504
741,80.0;34.0,2,115.0071682515885,4.992831748411504
742,80.0;34.0,2,115.0071682515885,4.992831748411504
743,80.0;34.0,2,115.0071682515885,4.992831748411504
744,80.0;34.0,2,115.0071682515885,4.992831748411504
745,80.0;34.0,2,115.0071682515885,4.992831748411504
746,80.0;34.0,2,115.0071682515885,4.992831748411504
747,80.0;34.0,2,115.0071682515885,4.992831748411504
748,80.0;34.0,2,115.0071682515885,4.992831748411504
749,80.0;34.0,2,115.0071682515885,4.992831748411504
750,80.0;34.0,2,115.0071682515885,4.992831748411504
751,80.0;34.0,2,115.0071682515885,4.992831748411504
752,80.0;34.0,2,115.0071682515885,4.992831748411504
753,80.0;34.0,2,115.0071682515885,4.992831748411504
754,80.0;34.0,2,115.0071682515885,4.992831748411504
755,80.0;34.0,2,115.00716825158848,4.992831748411518
756,80.0;34.0,2,115.00716825158848,4.992831748411518
757,80.0;34.0,2,115.00716825158848,4.992831748411518
758,80.0;34.0,2,115.00716825158848,4.992831748411518
759,80.0;34.0,2,115.00716825158848,4.992831748411518
760,80.0;34.0,2,115.00716825158848,4.992831748411518
761,80.0;34.0,2,115.00716825158848,4.992831748411518
762,80.0;34.0,2,115.00716825158848,4.992831748411518
763,80.0;34.0,2,115.00716825158848,4.992831748411518
764,80.0;34.0,2,115.00716825158848,4.992831748411518
765,80.0;34.0,2,115.00716825158848,4.992831748411518
766,80.0;34.0,2,115.00716825158848,4.992831748411518
767,80.0;34.0,2,115.00716825158848,4.992831748411518
768,80.0;34.0,2,115.00716825158848,4.992831748411518
769,80.0;34.0,2,115.00716825158848,4.992831748411518
770,80.0;34.0,2,115.00716825158848,4.992831748411518
771,80.0,1,80.0,40.0
772,80.0,1,80.0,40.0
773,80.0,1,80.0,40.0
774,80.0,1,80.0,40.0
775,80.0,1,80.0,40.0
776,80.0,1,80.0,40.0
777,80.0,1,80.0,40.0
778,80.0,1,80.0,40.0
779,80.0,1,80.0,40.0
780,80.0,1,80.0,40.0
781,80.0,1,80.0,40.0
782,80.0,1,80.0,40.0
783,80.0,1,80.0,40.0
784,80.0,1,80.0,40.0
785,80.0,1,80.0,40.0
786,80.0,1,80.0,40.0
787,80.0,1,80.0,40.0
788,80.0,1,80.0,40.0
789,80.0,1,80.0,40.0
790,80.0,1,80.0,40.0
791,80.0,1,80.0,40.0
792,80.0,1,80.0,40.0
793,80.0,1,80.0,40.0
794,80.0,1,80.0,40.0
795,80.0,1,80.0,40.0
796,80.0,1,80.0,40.0
797,80.0,1,80.0,40.0
798,80.0,1,80.0,40.0
799,73.3;44.5,2,118.85752158731883,1.1424784126811716
800,73.3;44.5,2,118.85752158731883,1.1424784126811716
801,73.3;44.5,2,118.8575215873188,1.1424784126812
802,73.3;44.5,2,118.8575215873188,1.1424784126812
803,73.3;40.0,2,114.33333333333333,5.666666666666671
804,73.3;40.0,2,114.33333333333333,5.666666666666671
805,73.3;40.0,2,114.33333333333333,5.666666666666671
806,73.3;40.0,2,114.33333333333333,5.666666666666671
807,73.3;40.0,2,114.33333333333333,5.666666666666671
808,73.3;40.0,2,114.33333333333333,5.666666666666671
809,73.3;40.0,2,114.33333333333333,5.666666666666671
810,73.3;40.0,2,114.33333333333333,5.666666666666671
811,73.3;40.0,2,114.33333333333331,5.666666666666686
812,73.3;40.0,2,114.33333333333331,5.666666666666686
813,73.3;40.0,2,114.33333333333331,5.666666666666686
814,73.3;40.0,2,114.33333333333331,5.666666666666686
815,73.3;40.0,2,114.33333333333331,5.666666666666686
816,73.3;40.0,2,114.33333333333331,5.666666666666686
817,73.3;40.0,2,114.33333333333331,5.666666666666686
818,73.3;40.0,2,114.33333333333331,5.666666666666686
819,73.3;40.0,2,114.33333333333331,5.666666666666686
820,73.3;40.0,2,114.33333333333331,5.666666666666686
821,73.3;40.0,2,114.33333333333331,5.666666666666686
822,73.3;40.0,2,114.33333333333331,5.666666666666686
823,70.0;40.0,2,111.02222123465569,8.977778765344311
824,70.0;40.0,2,111.02222123465569,8.977778765344311
825,70.0;40.0,2,111.02222123465566,8.97777876534434
826,70.0;40.0,2,111.02222123465566,8.97777876534434
827,61.7;56.7,2,119.32758613855813,0.6724138614418678
828,61.7;56.7,2,119.32758613855813,0.6724138614418678
829,61.7;56.7,2,119.32758613855813,0.6724138614418678
830,61.7;56.7,2,119.32758613855813,0.6724138614418678
831,61.7;56.7,2,119.32758613855813,0.6724138614418678
832,61.7;56.7,2,119.32758613855813,0.6724138614418678
833,61.7;56.7,2,119.3275861385581,0.6724138614418962
834,61.7;56.7,2,119.3275861385581,0.6724138614418962
835,61.7;56.7,2,119.3275861385581,0.6724138614418962
836,61.7;56.7,2,119.3275861385581,0.6724138614418962
837,61.7;56.7,2,119.3275861385581,0.6724138614418962
838,61.7;56.7,2,119.3275861385581,0.6724138614418962
839,61.7;40.0,2,102.66091947189145,17.339080528108553
840,61.7;40.0,2,102.66091947189145,17.339080528108553
841,61.7;40.0,2,102.66091947189145,17.339080528108553
842,61.7;40.0,2,102.66091947189145,17.339080528108553
843,61.7;40.0,2,102.66091947189145,17.339080528108553
844,61.7;40.0,2,102.66091947189145,17.339080528108553
845,61.7,1,61.66091947189145,58.33908052810855
846,61.7,1,61.66091947189145,58.33908052810855
847,61.7,1,61.66091947189145,58.33908052810855
848,61.7,1,61.66091947189145,58.33908052810855
849,61.7,1,61.66091947189145,58.33908052810855
850,61.7,1,61.66091947189145,58.33908052810855
851,61.7,1,61.66091947189145,58.33908052810855
852,61.7,1,61.66091947189145,58.33908052810855
853,61.7,1,61.66091947189145,58.33908052810855
854,61.7,1,61.66091947189145,58.33908052810855
855,61.7,1,61.66091947189145,58.33908052810855
856,61.7,1,61.66091947189145,58.33908052810855
857,61.7,1,61.66091947189145,58.33908052810855
858,61.7,1,61.66091947189145,58.33908052810855
859,58.7;58.7,2,118.3213749463701,1.6786250536299008
860,58.7;58.7,2,118.3213749463701,1.6786250536299008
861,58.7;58.7,2,118.3213749463701,1.6786250536299008
862,58.7;58.7,2,118.3213749463701,1.6786250536299008
863,58.7;58.7,2,118.3213749463701,1.6786250536299008
864,58.7;58.7,2,118.3213749463701,1.6786250536299008
865,58.7;58.7,2,118.3213749463701,1.6786250536299008
866,58.7;58.7,2,118.3213749463701,1.6786250536299008
