member_id,i,j,group,n_sticks,L_mm,A_mm2,Iy_mm4,Iz_mm4,Ky,Kz,N_N,sigma_axial_MPa,state,tension_capacity_N,compression_capacity_N,Pcr_y_N,Pcr_z_N,Pcr_min_N,FS_tension,FS_compression_direct,FS_buckling_y,FS_buckling_z,FS_min,FS_min_label,governing_mode,report_mode,member_role,risk_flag
218,34,35,cross_frame_bracing,1,278.0287754891569,10.5,1.96875,42.875,1.0,1.0,-21.8596632805468,-2.0818726933854097,compression,706.0788,39.2266,1.5082108924691855,32.84548165821782,1.5082108924691855,,1.7944741186799642,0.06899515665510557,1.5025611893778548,0.06899515665510557,0.069,buckling_y,travamento: compressão deve ser interpretada com cautela,stabilizer,STABILIZER_COMPRESSION
213,25,28,cross_frame_bracing,1,278.0287754891569,10.5,1.96875,42.875,1.0,1.0,-21.85960489021475,-2.081867132401405,compression,706.0788,39.2266,1.5082108924691855,32.84548165821782,1.5082108924691855,,1.7944789119934834,0.06899534095167119,1.502565202947506,0.06899534095167119,0.069,buckling_y,travamento: compressão deve ser interpretada com cautela,stabilizer,STABILIZER_COMPRESSION
214,26,27,cross_frame_bracing,1,278.0287754891569,10.5,1.96875,42.875,1.0,1.0,-21.33263746416224,-2.031679758491642,compression,706.0788,39.2266,1.5082108924691855,32.84548165821782,1.5082108924691855,,1.8388068547969616,0.07069969172836242,1.5396821754176708,0.07069969172836242,0.071,buckling_y,travamento: compressão deve ser interpretada com cautela,stabilizer,STABILIZER_COMPRESSION
217,33,36,cross_frame_bracing,1,278.0287754891569,10.5,1.96875,42.875,1.0,1.0,-21.33257907383066,-2.031674197507682,compression,706.0788,39.2266,1.5082108924691855,32.84548165821782,1.5082108924691855,,1.838811887875315,0.07069988524356882,1.5396863897488324,0.07069988524356882,0.071,buckling_y,travamento: compressão deve ser interpretada com cautela,stabilizer,STABILIZER_COMPRESSION
216,30,31,cross_frame_bracing,1,278.0287754891569,10.5,1.96875,42.875,1.0,1.0,-14.397446111787904,-1.3711853439798003,compression,706.0788,39.2266,1.5082108924691855,32.84548165821782,1.5082108924691855,,2.724552652979422,0.10475544626170459,2.281340829699345,0.10475544626170459,0.105,buckling_y,travamento: compressão deve ser interpretada com cautela,stabilizer,STABILIZER_COMPRESSION
215,29,32,cross_frame_bracing,1,278.0287754891569,10.5,1.96875,42.875,1.0,1.0,-14.397382124463405,-1.3711792499488957,compression,706.0788,39.2266,1.5082108924691855,32.84548165821782,1.5082108924691855,,2.7245647619054205,0.10475591183389507,2.2813509688270486,0.10475591183389507,0.105,buckling_y,travamento: compressão deve ser interpretada com cautela,stabilizer,STABILIZER_COMPRESSION
220,38,39,cross_frame_bracing,1,278.0287754891569,10.5,1.96875,42.875,1.0,1.0,-12.295619047078524,-1.1710113378170024,compression,706.0788,39.2266,1.5082108924691855,32.84548165821782,1.5082108924691855,,3.1902907734702755,0.12266246105173052,2.6713158184599095,0.12266246105173052,0.123,buckling_y,travamento: compressão deve ser interpretada com cautela,stabilizer,STABILIZER_COMPRESSION
211,21,24,cross_frame_bracing,1,278.0287754891569,10.5,1.96875,42.875,1.0,1.0,-12.295549298078614,-1.171004695055106,compression,706.0788,39.2266,1.5082108924691855,32.84548165821782,1.5082108924691855,,3.1903088710424523,0.12266315687944651,2.67133097204128,0.12266315687944651,0.123,buckling_y,travamento: compressão deve ser interpretada com cautela,stabilizer,STABILIZER_COMPRESSION
212,22,23,cross_frame_bracing,1,278.0287754891569,10.5,1.96875,42.875,1.0,1.0,-11.700140898797263,-1.114299133218787,compression,706.0788,39.2266,1.5082108924691855,32.84548165821782,1.5082108924691855,,3.3526604798436543,0.12890536152639193,2.807272317685869,0.12890536152639193,0.129,buckling_y,travamento: compressão deve ser interpretada com cautela,stabilizer,STABILIZER_COMPRESSION
219,37,40,cross_frame_bracing,1,278.0287754891569,10.5,1.96875,42.875,1.0,1.0,-11.70007114979801,-1.1142924904569533,compression,706.0788,39.2266,1.5082108924691855,32.84548165821782,1.5082108924691855,,3.352680466449745,0.12890612998496365,2.8072890530058756,0.12890612998496365,0.129,buckling_y,travamento: compressão deve ser interpretada com cautela,stabilizer,STABILIZER_COMPRESSION
222,42,43,cross_frame_bracing,1,250.02222123465566,10.5,1.96875,42.875,1.0,1.0,-12.40424110887423,-1.18135629608326,compression,706.0788,39.2266,1.8650236720419704,40.61607108002513,1.8650236720419704,,3.1623538800722395,0.15035371012803814,3.2743696872328307,0.15035371012803814,0.150,buckling_y,travamento: compressão deve ser interpretada com cautela,stabilizer,STABILIZER_COMPRESSION
209,17,20,cross_frame_bracing,1,250.0222212346557,10.5,1.96875,42.875,1.0,1.0,-12.404073041746344,-1.181340289690128,compression,706.0788,39.2266,1.86502367204197,40.61607108002512,1.86502367204197,,3.1623967279119927,0.15035574732309034,3.2744140528139676,0.15035574732309034,0.150,buckling_y,travamento: compressão deve ser interpretada com cautela,stabilizer,STABILIZER_COMPRESSION
210,18,19,cross_frame_bracing,1,250.0222212346557,10.5,1.96875,42.875,1.0,1.0,-12.147586678569017,-1.156913017006573,compression,706.0788,39.2266,1.86502367204197,40.61607108002512,1.86502367204197,,3.2291681498518754,0.15353038602575086,3.3435506290052412,0.15353038602575086,0.154,buckling_y,travamento: compressão deve ser interpretada com cautela,stabilizer,STABILIZER_COMPRESSION
221,41,44,cross_frame_bracing,1,250.02222123465566,10.5,1.96875,42.875,1.0,1.0,-12.14741861144115,-1.1568970106134429,compression,706.0788,39.2266,1.8650236720419704,40.61607108002513,1.8650236720419704,,3.229212827411257,0.15353251021458847,3.343596889117704,0.15353251021458847,0.154,buckling_y,travamento: compressão deve ser interpretada com cautela,stabilizer,STABILIZER_COMPRESSION
224,46,47,cross_frame_bracing,1,224.52418825398547,10.5,1.96875,42.875,1.0,1.0,-12.735676240251147,-1.2129215466905854,compression,706.0788,39.2266,2.3126786817077636,50.36500240163574,2.3126786817077636,,3.080056312677312,0.18159056795103937,3.9546390353781913,0.18159056795103937,0.182,buckling_y,travamento: compressão deve ser interpretada com cautela,stabilizer,STABILIZER_COMPRESSION
207,13,16,cross_frame_bracing,1,224.5241882539855,10.5,1.96875,42.875,1.0,1.0,-12.735467779126205,-1.2129016932501149,compression,706.0788,39.2266,2.3126786817077636,50.365002401635735,2.3126786817077636,,3.080106728729157,0.18159354032509978,3.9547037670799505,0.18159354032509978,0.182,buckling_y,travamento: compressão deve ser interpretada com cautela,stabilizer,STABILIZER_COMPRESSION
208,14,15,cross_frame_bracing,1,224.5241882539855,10.5,1.96875,42.875,1.0,1.0,-11.223292982135698,-1.0688850459176855,compression,706.0788,39.2266,2.3126786817077636,50.365002401635735,2.3126786817077636,,3.495106121032181,0.20606061744880871,4.487542335551834,0.20606061744880871,0.206,buckling_y,travamento: compressão deve ser interpretada com cautela,stabilizer,STABILIZER_COMPRESSION
223,45,48,cross_frame_bracing,1,224.52418825398547,10.5,1.96875,42.875,1.0,1.0,-11.22308452101082,-1.068865192477221,compression,706.0788,39.2266,2.3126786817077636,50.36500240163574,2.3126786817077636,,3.4951710402397476,0.2060644448839515,4.487625688583833,0.2060644448839515,0.206,buckling_y,travamento: compressão deve ser interpretada com cautela,stabilizer,STABILIZER_COMPRESSION
205,9,12,cross_frame_bracing,1,202.48456731316588,10.5,1.96875,42.875,1.0,1.0,-13.221491994360738,-1.2591897137486416,compression,706.0788,39.2266,2.843529316777269,61.92574956537163,2.843529316777269,,2.96688149996468,0.21506871675224687,4.683718720382265,0.21506871675224687,0.215,buckling_y,travamento: compressão deve ser interpretada com cautela,stabilizer,STABILIZER_COMPRESSION
226,50,51,cross_frame_bracing,1,202.48456731316588,10.5,1.96875,42.875,1.0,1.0,-13.221477986883697,-1.2591883797032093,compression,706.0788,39.2266,2.843529316777269,61.92574956537163,2.843529316777269,,2.9668846432232883,0.21506894460650908,4.683723682541753,0.21506894460650908,0.215,buckling_y,travamento: compressão deve ser interpretada com cautela,stabilizer,STABILIZER_COMPRESSION
186,26,32,top_bracing,1,197.2308292331602,10.5,1.96875,42.875,1.0,1.0,-12.916024604945587,-1.2300975814233892,compression,706.0788,39.2266,2.99703604081923,65.26878488895211,2.99703604081923,,3.0370490301621142,0.2320401309603928,5.053318407581887,0.2320401309603928,0.232,buckling_y,travamento: compressão deve ser interpretada com cautela,stabilizer,STABILIZER_COMPRESSION
188,30,36,top_bracing,1,197.2308292331602,10.5,1.96875,42.875,1.0,1.0,-12.915979212978288,-1.2300932583788846,compression,706.0788,39.2266,2.99703604081923,65.26878488895211,2.99703604081923,,3.0370597035789717,0.23204094644312648,5.053336166983644,0.23204094644312648,0.232,buckling_y,travamento: compressão deve ser interpretada com cautela,stabilizer,STABILIZER_COMPRESSION
182,18,24,top_bracing,1,200.61018031108102,10.5,1.96875,42.875,1.0,1.0,-12.327483351337298,-1.174046033460695,compression,706.0788,39.2266,2.8969141852313984,63.08835336726157,2.8969141852313984,,3.18204445157451,0.23499639810238626,5.117699336451968,0.23499639810238626,0.235,buckling_y,travamento: compressão deve ser interpretada com cautela,stabilizer,STABILIZER_COMPRESSION
192,38,44,top_bracing,1,200.61018031108102,10.5,1.96875,42.875,1.0,1.0,-12.327252265122073,-1.1740240252497212,compression,706.0788,39.2266,2.8969141852313984,63.08835336726157,2.8969141852313984,,3.1821041020621594,0.2350008033361773,5.117795272654528,0.2350008033361773,0.235,buckling_y,travamento: compressão deve ser interpretada com cautela,stabilizer,STABILIZER_COMPRESSION
184,22,28,top_bracing,1,197.2308292331602,10.5,1.96875,42.875,1.0,1.0,-12.542199189801837,-1.1944951609335082,compression,706.0788,39.2266,2.99703604081923,65.26878488895211,2.99703604081923,,3.127569527989594,0.2389561826809563,5.203934645051937,0.2389561826809563,0.239,buckling_y,travamento: compressão deve ser interpretada com cautela,stabilizer,STABILIZER_COMPRESSION
190,34,40,top_bracing,1,197.2308292331602,10.5,1.96875,42.875,1.0,1.0,-12.542070954800922,-1.1944829480762782,compression,706.0788,39.2266,2.99703604081923,65.26878488895211,2.99703604081923,,3.1276015054742317,0.23895862586170494,5.203987852099352,0.23895862586170494,0.239,buckling_y,travamento: compressão deve ser interpretada com cautela,stabilizer,STABILIZER_COMPRESSION
180,14,20,top_bracing,1,200.61018031108102,10.5,1.96875,42.875,1.0,1.0,-12.121686541316882,-1.1544463372682745,compression,706.0788,39.2266,2.8969141852313984,63.08835336726157,2.8969141852313984,,3.2360678414093424,0.2389860664485292,5.204585447101303,0.2389860664485292,0.239,buckling_y,travamento: compressão deve ser interpretada com cautela,stabilizer,STABILIZER_COMPRESSION
194,42,48,top_bracing,1,200.61018031108102,10.5,1.96875,42.875,1.0,1.0,-12.121185751259402,-1.1543986429770858,compression,706.0788,39.2266,2.8969141852313984,63.08835336726157,2.8969141852313984,,3.236201540424733,0.23899594022230097,5.204800475952332,0.23899594022230097,0.239,buckling_y,travamento: compressão deve ser interpretada com cautela,stabilizer,STABILIZER_COMPRESSION
178,10,16,top_bracing,1,200.61018031108102,10.5,1.96875,42.875,1.0,1.0,-10.77057305530366,-1.0257688624098722,compression,706.0788,39.2266,2.8969141852313984,63.08835336726157,2.8969141852313984,,3.6420160560244272,0.2689656502357501,5.857474160689669,0.2689656502357501,0.269,buckling_y,travamento: compressão deve ser interpretada com cautela,stabilizer,STABILIZER_COMPRESSION
196,46,52,top_bracing,1,200.61018031108102,10.5,1.96875,42.875,1.0,1.0,-10.769699749267668,-1.0256856904064446,compression,706.0788,39.2266,2.8969141852313984,63.08835336726157,2.8969141852313984,,3.6423113840910357,0.26898746043764005,5.857949138419716,0.26898746043764005,0.269,buckling_y,travamento: compressão deve ser interpretada com cautela,stabilizer,STABILIZER_COMPRESSION
203,5,8,cross_frame_bracing,1,185.14258769331755,10.5,1.96875,42.875,1.0,1.0,-11.054325427452873,-1.0527928978526546,compression,706.0788,39.2266,3.40117445021333,74.07002136020141,3.40117445021333,,3.548529510682096,0.3076781548122946,6.7005464825788605,0.3076781548122946,0.308,buckling_y,travamento: compressão deve ser interpretada com cautela,stabilizer,STABILIZER_COMPRESSION
228,54,55,cross_frame_bracing,1,185.14258769331752,10.5,1.96875,42.875,1.0,1.0,-11.050223362086259,-1.052402224960596,compression,706.0788,39.2266,3.401174450213331,74.07002136020144,3.401174450213331,,3.5498467962727314,0.3077923711373013,6.703033860323451,0.3077923711373013,0.308,buckling_y,travamento: compressão deve ser interpretada com cautela,stabilizer,STABILIZER_COMPRESSION
225,49,52,cross_frame_bracing,1,202.48456731316588,10.5,1.96875,42.875,1.0,1.0,-8.227227730612292,-0.7835454981535516,compression,706.0788,39.2266,2.843529316777269,61.92574956537163,2.843529316777269,,4.767900109783476,0.345624238186202,7.526927853832843,0.345624238186202,0.346,buckling_y,travamento: compressão deve ser interpretada com cautela,stabilizer,STABILIZER_COMPRESSION
206,10,11,cross_frame_bracing,1,202.48456731316588,10.5,1.96875,42.875,1.0,1.0,-8.227213723135186,-0.783544164108113,compression,706.0788,39.2266,2.843529316777269,61.92574956537163,2.843529316777269,,4.767908227507638,0.34562482663859506,7.526940669018292,0.34562482663859506,0.346,buckling_y,travamento: compressão deve ser interpretada com cautela,stabilizer,STABILIZER_COMPRESSION
176,6,12,top_bracing,1,200.61018031108102,10.5,1.96875,42.875,1.0,1.0,-5.822526506330321,-0.554526333936221,compression,706.0788,39.2266,2.8969141852313984,63.08835336726157,2.8969141852313984,,6.737041034910252,0.4975355942273236,10.835219607617269,0.4975355942273236,0.498,buckling_y,travamento: compressão deve ser interpretada com cautela,stabilizer,STABILIZER_COMPRESSION
198,50,56,top_bracing,1,200.61018031108102,10.5,1.96875,42.875,1.0,1.0,-5.821680955915745,-0.5544458053253091,compression,706.0788,39.2266,2.8969141852313984,63.08835336726157,2.8969141852313984,,6.738019533712095,0.49760785710657623,10.836793332543216,0.49760785710657623,0.498,buckling_y,travamento: compressão deve ser interpretada com cautela,stabilizer,STABILIZER_COMPRESSION
108,35,36,vertical,3,220.0,31.5,53.15625,128.625,1.0,1.0,-121.16104325645098,-3.8463823256016183,compression,2118.2364,161.809725,65.03692053042225,157.37328918472545,65.03692053042225,,1.3354929988305853,0.5367807901155514,1.298876973612939,0.5367807901155514,0.537,buckling_y,buckling_y,primary,CRITICAL
35,25,26,vertical,3,220.0,31.5,53.15625,128.625,1.0,1.0,-121.1609464208465,-3.8463792514554442,compression,2118.2364,161.809725,65.03692053042225,157.37328918472545,65.03692053042225,,1.335494066198212,0.5367812191274881,1.2988780117158971,0.5367812191274881,0.537,buckling_y,buckling_y,primary,CRITICAL
14,26,30,top_chord,5,100.0,52.5,1824.24375,2028.775,0.8,0.8,-481.4178898133914,-9.169864567874122,compression,3530.3940000000002,269.68287499999997,16879.27888468102,18771.756252018808,16879.27888468102,,0.5601845729175856,35.06159459762456,38.99264370772588,0.5601845729175856,0.560,compression_direct,compression_direct,primary,CRITICAL
87,32,36,top_chord,5,100.0,52.5,1824.24375,2028.775,0.8,0.8,-481.4168374593382,-9.169844523035014,compression,3530.3940000000002,269.68287499999997,16879.27888468102,18771.756252018808,16879.27888468102,,0.5601857974541203,35.06167124058409,38.9927289437697,0.5601857974541203,0.560,compression_direct,compression_direct,primary,CRITICAL
16,30,34,top_chord,5,100.0,52.5,1824.24375,2028.775,0.8,0.8,-474.86922839813644,-9.045128159964504,compression,3530.3940000000002,269.68287499999997,16879.27888468102,18771.756252018808,16879.27888468102,,0.5679097715169162,35.54510984343929,39.530369898553054,0.5679097715169162,0.568,compression_direct,compression_direct,primary,CRITICAL
85,28,32,top_chord,5,100.0,52.5,1824.24375,2028.775,0.8,0.8,-474.86815302944245,-9.045107676751284,compression,3530.3940000000002,269.68287499999997,16879.27888468102,18771.756252018808,16879.27888468102,,0.5679110575841865,35.54519033756826,39.53045941755318,0.5679110575841865,0.568,compression_direct,compression_direct,primary,CRITICAL
12,22,26,top_chord,5,100.0,52.5,1824.24375,2028.775,0.8,0.8,-465.3387140222075,-8.863594552803953,compression,3530.3940000000002,269.68287499999997,16879.27888468102,18771.756252018808,16879.27888468102,,0.5795410243625889,36.273102529516784,40.339983943659064,0.5795410243625889,0.580,compression_direct,compression_direct,primary,CRITICAL
89,36,40,top_chord,5,100.0,52.5,1824.24375,2028.775,0.8,0.8,-465.3376156388722,-8.863573631216614,compression,3530.3940000000002,269.68287499999997,16879.27888468102,18771.756252018808,16879.27888468102,,0.5795423923117551,36.273188148581305,40.340079162194215,0.5795423923117551,0.580,compression_direct,compression_direct,primary,CRITICAL
106,27,28,vertical,3,220.0,31.5,53.15625,128.625,1.0,1.0,-109.44123002763992,-3.47432476278222,compression,2118.2364,161.809725,65.03692053042225,157.37328918472545,65.03692053042225,,1.478507916615467,0.5942634280882704,1.4379707642629753,0.5942634280882704,0.594,buckling_y,buckling_y,primary,CRITICAL
37,33,34,vertical,3,220.0,31.5,53.15625,128.625,1.0,1.0,-109.44113319203773,-3.474321688636118,compression,2118.2364,161.809725,65.03692053042225,157.37328918472545,65.03692053042225,,1.4785092248274736,0.5942639539038869,1.4379720366069362,0.5942639539038869,0.594,buckling_y,buckling_y,primary,CRITICAL
18,34,38,top_chord,5,100.0,52.5,1824.24375,2028.775,0.8,0.8,-451.01991559462294,-8.590855535135676,compression,3530.3940000000002,269.68287499999997,16879.27888468102,18771.756252018808,16879.27888468102,,0.5979400591312051,37.42468636318963,41.620681488688135,0.5979400591312051,0.598,compression_direct,compression_direct,primary,CRITICAL
83,24,28,top_chord,5,100.0,52.5,1824.24375,2028.775,0.8,0.8,-451.0187521935629,-8.590833375115484,compression,3530.3940000000002,269.68287499999997,16879.27888468102,18771.756252018808,16879.27888468102,,0.5979416015151864,37.42478290001781,41.620788849068894,0.5979416015151864,0.598,compression_direct,compression_direct,primary,CRITICAL
10,18,22,top_chord,5,106.51030205780305,52.5,1824.24375,2028.775,0.8,0.8,-435.37401429713947,-8.292838367564562,compression,3530.3940000000002,269.68287499999997,14878.894217642426,16547.091701093952,14878.894217642426,,0.6194280461027778,34.1749707815306,38.00661306763404,0.6194280461027778,0.619,compression_direct,compression_direct,primary,CRITICAL
91,40,44,top_chord,5,106.51030205780306,52.5,1824.24375,2028.775,0.8,0.8,-435.3727059045779,-8.292813445801483,compression,3530.3940000000002,269.68287499999997,14878.894217642423,16547.09170109395,14878.894217642423,,0.6194299076228891,34.17507348497744,38.00672728602475,0.6194299076228891,0.619,compression_direct,compression_direct,primary,CRITICAL
227,53,56,cross_frame_bracing,1,185.14258769331752,10.5,1.96875,42.875,1.0,1.0,-5.3429800890310055,-0.5088552465743815,compression,706.0788,39.2266,3.401174450213331,74.07002136020144,3.401174450213331,,7.341708062983644,0.6365688049625808,13.863053974740652,0.6365688049625808,0.637,buckling_y,travamento: compressão deve ser interpretada com cautela,stabilizer,STABILIZER_COMPRESSION
204,6,7,cross_frame_bracing,1,185.14258769331755,10.5,1.96875,42.875,1.0,1.0,-5.338878023664372,-0.5084645736823211,compression,706.0788,39.2266,3.40117445021333,74.07002136020141,3.40117445021333,,7.347348979716262,0.6370579052635693,13.873705492406621,0.6370579052635693,0.637,buckling_y,travamento: compressão deve ser interpretada com cautela,stabilizer,STABILIZER_COMPRESSION
20,38,42,top_chord,5,106.51030205780306,52.5,1824.24375,2028.775,0.8,0.8,-412.68084549728275,-7.860587533281576,compression,3530.3940000000002,269.68287499999997,14878.894217642423,16547.09170109395,14878.894217642423,,0.6534901678681757,36.0542399289535,40.09658282335496,0.6534901678681757,0.653,compression_direct,compression_direct,primary,CRITICAL
81,20,24,top_chord,5,106.51030205780305,52.5,1824.24375,2028.775,0.8,0.8,-412.6794144137288,-7.860560274547216,compression,3530.3940000000002,269.68287499999997,14878.894217642426,16547.091701093952,14878.894217642426,,0.6534924340316896,36.05436495731211,40.09672186969031,0.6534924340316896,0.653,compression_direct,compression_direct,primary,CRITICAL
8,14,18,top_chord,5,106.51030205780305,52.5,1824.24375,2028.775,0.8,0.8,-397.0048819690408,-7.561997751791253,compression,3530.3940000000002,269.68287499999997,14878.894217642426,16547.091701093952,14878.894217642426,,0.67929359876494,37.47786209541552,41.67981919775063,0.67929359876494,0.679,compression_direct,compression_direct,primary,CRITICAL
93,44,48,top_chord,5,106.51030205780305,52.5,1824.24375,2028.775,0.8,0.8,-397.00304197777865,-7.561962704338641,compression,3530.3940000000002,269.68287499999997,14878.894217642426,16547.091701093952,14878.894217642426,,0.6792967470891441,37.47803579418225,41.68001237134132,0.6792967470891441,0.679,compression_direct,compression_direct,primary,CRITICAL
30,5,6,vertical,3,73.33333333333333,31.5,53.15625,128.625,1.0,1.0,-236.46498335506294,-7.5068248684146965,compression,2118.2364,161.809725,585.3322847738003,1416.3596026625291,585.3322847738003,,0.6842862004520784,2.4753444525648742,5.989722379045868,0.6842862004520784,0.684,compression_direct,compression_direct,primary,CRITICAL
113,55,56,vertical,3,73.33333333333331,31.5,53.15625,128.625,1.0,1.0,-236.4636676555707,-7.506783100176848,compression,2118.2364,161.809725,585.3322847738007,1416.3596026625298,585.3322847738007,,0.6842900078657729,2.4753582255451883,5.989755706257492,0.6842900078657729,0.684,compression_direct,compression_direct,primary,CRITICAL
22,42,46,top_chord,5,106.51030205780305,52.5,1824.24375,2028.775,0.8,0.8,-365.7000686385654,-6.965715593115532,compression,3530.3940000000002,269.68287499999997,14878.894217642426,16547.091701093952,14878.894217642426,,0.7374427792807917,40.68605803940325,45.24771286671001,0.7374427792807917,0.737,compression_direct,compression_direct,primary,CRITICAL
79,16,20,top_chord,5,106.51030205780305,52.5,1824.24375,2028.775,0.8,0.8,-365.6979627619951,-6.965675481180859,compression,3530.3940000000002,269.68287499999997,14878.894217642426,16547.091701093952,14878.894217642426,,0.7374470258548199,40.68629233060826,45.24797342626486,0.7374470258548199,0.737,compression_direct,compression_direct,primary,CRITICAL
6,10,14,top_chord,5,106.51030205780306,52.5,1824.24375,2028.775,0.8,0.8,-335.9328135841853,-6.398720258746386,compression,3530.3940000000002,269.68287499999997,14878.894217642423,16547.09170109395,14878.894217642423,,0.802788129336514,44.29127973208175,49.257146167256515,0.802788129336514,0.803,compression_direct,compression_direct,primary,CRITICAL
95,48,52,top_chord,5,106.51030205780306,52.5,1824.24375,2028.775,0.8,0.8,-335.9299153531597,-6.398665054345899,compression,3530.3940000000002,269.68287499999997,14878.894217642423,16547.09170109395,14878.894217642423,,0.8027950553807782,44.29166185452818,49.25757113265176,0.8027950553807782,0.803,compression_direct,compression_direct,primary,CRITICAL
42,53,54,vertical,3,73.33333333333331,31.5,53.15625,128.625,1.0,1.0,-198.34238016950218,-6.296583497444513,compression,2118.2364,161.809725,585.3322847738007,1416.3596026625298,585.3322847738007,,0.8158101403326833,2.9511206040462925,7.140983190037941,0.8158101403326833,0.816,compression_direct,compression_direct,primary,CRITICAL
101,7,8,vertical,3,73.33333333333333,31.5,53.15625,128.625,1.0,1.0,-198.3410644700119,-6.296541729206727,compression,2118.2364,161.809725,585.3322847738003,1416.3596026625291,585.3322847738003,,0.8158155520258628,2.951140180364916,7.141030559895352,0.8158155520258628,0.816,compression_direct,compression_direct,primary,CRITICAL
107,31,32,vertical,3,220.0,31.5,53.15625,128.625,1.0,1.0,-76.86741746560035,-2.440235475098424,compression,2118.2364,161.809725,65.03692053042225,157.37328918472545,65.03692053042225,,2.1050495819299893,0.8460921763050973,2.047334155009865,0.8460921763050973,0.846,buckling_y,buckling_y,primary,CRITICAL
36,29,30,vertical,3,220.0,31.5,53.15625,128.625,1.0,1.0,-76.86736683339021,-2.4402338677266733,compression,2118.2364,161.809725,65.03692053042225,157.37328918472545,65.03692053042225,,2.1050509685172654,0.8460927336224433,2.047335503580233,0.8460927336224433,0.846,buckling_y,buckling_y,primary,CRITICAL
24,46,50,top_chord,5,106.51030205780306,52.5,1824.24375,2028.775,0.8,0.8,-299.30096996824335,-5.700970856537968,compression,3530.3940000000002,269.68287499999997,14878.894217642423,16547.09170109395,14878.894217642423,,0.9010424357415683,49.712148340919555,55.285793770897705,0.9010424357415683,0.901,compression_direct,compression_direct,primary,CRITICAL
77,12,16,top_chord,5,106.51030205780306,52.5,1824.24375,2028.775,0.8,0.8,-299.2976080713704,-5.700906820407055,compression,3530.3940000000002,269.68287499999997,14878.894217642423,16547.09170109395,14878.894217642423,,0.9010525568105826,49.712706738686684,55.286414775316665,0.9010525568105826,0.901,compression_direct,compression_direct,primary,CRITICAL
109,39,40,vertical,3,220.0,31.5,53.15625,128.625,1.0,1.0,-67.58094800543958,-2.1454269208076058,compression,2118.2364,161.809725,65.03692053042225,157.37328918472545,65.03692053042225,,2.3943097836830574,0.9623558480592406,2.328663533575446,0.9623558480592406,0.962,buckling_y,buckling_y,primary,CRITICAL
34,21,22,vertical,3,220.0,31.5,53.15625,128.625,1.0,1.0,-67.58029935488204,-2.145406328726414,compression,2118.2364,161.809725,65.03692053042225,157.37328918472545,65.03692053042225,,2.3943327647942825,0.9623650849620562,2.3286858845995435,0.9623650849620562,0.962,buckling_y,buckling_y,primary,CRITICAL
112,51,52,vertical,3,109.99999999999999,31.5,53.15625,128.625,1.0,1.0,-151.78242178509103,-4.81848958047908,compression,2118.2364,161.809725,260.14768212168906,629.4931567389019,260.14768212168906,,1.0660636659830518,1.7139513196727916,4.147338995751446,1.0660636659830518,1.066,compression_direct,compression_direct,primary,LOW_MARGIN
31,9,10,vertical,3,110.0,31.5,53.15625,128.625,1.0,1.0,-151.78024778667293,-4.818420564656283,compression,2118.2364,161.809725,260.147682121689,629.4931567389018,260.147682121689,,1.066078935563628,1.7139758691613578,4.147398399452174,1.066078935563628,1.066,compression_direct,compression_direct,primary,LOW_MARGIN
105,23,24,vertical,3,220.0,31.5,53.15625,128.625,1.0,1.0,-60.53202089427555,-1.9216514569611285,compression,2118.2364,161.809725,65.03692053042225,157.37328918472545,65.03692053042225,,2.673126101020397,1.0744217617319418,2.599835374067415,1.0744217617319418,1.074,buckling_y,buckling_y,primary,LOW_MARGIN
38,37,38,vertical,3,220.0,31.5,53.15625,128.625,1.0,1.0,-60.53137224372144,-1.9216308648800458,compression,2118.2364,161.809725,65.03692053042225,157.37328918472545,65.03692053042225,,2.6731547460793528,1.0744332751710934,2.5998632337473375,1.0744332751710934,1.074,buckling_y,buckling_y,primary,LOW_MARGIN
110,43,44,vertical,3,183.33333333333331,31.5,53.15625,128.625,1.0,1.0,-83.86502907271337,-2.662381875324234,compression,2118.2364,161.809725,93.65316556380807,226.6175364260047,93.65316556380807,,1.9294064139619667,1.116712968436559,2.702169652019328,1.116712968436559,1.117,buckling_y,buckling_y,primary,LOW_MARGIN
33,17,18,vertical,3,183.33333333333334,31.5,53.15625,128.625,1.0,1.0,-83.86406122416996,-2.6623511499736496,compression,2118.2364,161.809725,93.65316556380803,226.6175364260046,93.65316556380803,,1.9294286806297163,1.1167258560668991,2.7022008369026196,1.1167258560668991,1.117,buckling_y,buckling_y,primary,LOW_MARGIN
4,6,10,top_chord,5,106.51030205780306,52.5,1824.24375,2028.775,0.8,0.8,-228.18169367387904,-4.346317974740553,compression,3530.3940000000002,269.68287499999997,14878.894217642423,16547.09170109395,14878.894217642423,,1.1818777863286223,65.20634490033885,72.51717451419796,1.1818777863286223,1.182,compression_direct,compression_direct,primary,LOW_MARGIN
97,52,56,top_chord,5,106.51030205780306,52.5,1824.24375,2028.775,0.8,0.8,-228.1767474788677,-4.346223761502242,compression,3530.3940000000002,269.68287499999997,14878.894217642423,16547.09170109395,14878.894217642423,,1.1819034059330533,65.20775838046518,72.51874647142316,1.1819034059330533,1.182,compression_direct,compression_direct,primary,LOW_MARGIN
102,11,12,vertical,3,110.0,31.5,53.15625,128.625,1.0,1.0,-130.7672154174797,-4.151340171983482,compression,2118.2364,161.809725,260.147682121689,629.4931567389018,260.147682121689,,1.2373875553089955,1.9893952875815002,4.813845387234248,1.2373875553089955,1.237,compression_direct,compression_direct,primary,LOW_MARGIN
41,49,50,vertical,3,109.99999999999999,31.5,53.15625,128.625,1.0,1.0,-130.76504141906125,-4.151271156160674,compression,2118.2364,161.809725,260.14768212168906,629.4931567389019,260.14768212168906,,1.2374081271572437,1.9894283617285504,4.813925418503652,1.2374081271572437,1.237,compression_direct,compression_direct,primary,LOW_MARGIN
104,19,20,vertical,3,183.33333333333334,31.5,53.15625,128.625,1.0,1.0,-74.65268850539631,-2.3699266192189308,compression,2118.2364,161.809725,93.65316556380803,226.6175364260046,93.65316556380803,,2.167500303599963,1.2545183226326573,3.0356245831605033,1.2545183226326573,1.255,buckling_y,buckling_y,primary,LOW_MARGIN
39,41,42,vertical,3,183.33333333333331,31.5,53.15625,128.625,1.0,1.0,-74.65172065685294,-2.3698958938683474,compression,2118.2364,161.809725,93.65316556380807,226.6175364260047,93.65316556380807,,2.167528404921582,1.254534587277605,3.0356639395853158,1.254534587277605,1.255,buckling_y,buckling_y,primary,LOW_MARGIN
111,47,48,vertical,3,146.66666666666666,31.5,53.15625,128.625,1.0,1.0,-108.86953805933427,-3.4561758114074372,compression,2118.2364,161.809725,146.33307119345008,354.0899006656323,146.33307119345008,,1.4862718064608038,1.3441140083987317,3.252424020322857,1.3441140083987317,1.344,buckling_y,buckling_y,primary,LOW_MARGIN
32,13,14,vertical,3,146.66666666666669,31.5,53.15625,128.625,1.0,1.0,-108.86803802707443,-3.4561281913356963,compression,2118.2364,161.809725,146.33307119345002,354.0899006656322,146.33307119345002,,1.486292284974948,1.3441325281994922,3.2524688336679075,1.3441325281994922,1.344,buckling_y,buckling_y,primary,LOW_MARGIN
26,50,54,top_chord,5,106.51030205780306,52.5,1824.24375,2028.775,0.8,0.8,-196.0315777525748,-3.7339348143347584,compression,3530.3940000000002,269.68287499999997,14878.894217642423,16547.09170109395,14878.894217642423,,1.3757113935000085,75.900497196539,84.41033781801823,1.3757113935000085,1.376,compression_direct,compression_direct,primary,LOW_MARGIN
75,8,12,top_chord,5,106.51030205780306,52.5,1824.24375,2028.775,0.8,0.8,-196.0261826280553,-3.7338320500581963,compression,3530.3940000000002,269.68287499999997,14878.894217642423,16547.09170109395,14878.894217642423,,1.3757492564740834,75.90258616561435,84.41266099891763,1.3757492564740834,1.376,compression_direct,compression_direct,primary,LOW_MARGIN
103,15,16,vertical,3,146.66666666666669,31.5,53.15625,128.625,1.0,1.0,-96.13092765802388,-3.051775481207107,compression,2118.2364,161.809725,146.33307119345002,354.0899006656322,146.33307119345002,,1.683222340011342,1.5222267667489409,3.6834129170715113,1.5222267667489409,1.522,buckling_y,buckling_y,primary,LOW_MARGIN
40,45,46,vertical,3,146.66666666666666,31.5,53.15625,128.625,1.0,1.0,-96.12942762576435,-3.0517278611353764,compression,2118.2364,161.809725,146.33307119345008,354.0899006656323,146.33307119345008,,1.683248605514761,1.522250520029418,3.683470394145258,1.522250520029418,1.522,buckling_y,buckling_y,primary,LOW_MARGIN
13,25,29,bottom_chord,4,100.0,42.0,126.0,171.5,1.0,1.0,458.7900295923187,10.923572133150445,tension,2824.3152,215.7463,746.1420927223555,1015.582292872095,746.1420927223555,6.1560082343325755,,,,6.1560082343325755,6.156,tension_capacity,tension_capacity,primary,OK
86,31,35,bottom_chord,4,100.0,42.0,126.0,171.5,1.0,1.0,458.78895422362035,10.923546529133818,tension,2824.3152,215.7463,746.1420927223555,1015.582292872095,746.1420927223555,6.156022663578313,,,,6.156022663578313,6.156,tension_capacity,tension_capacity,primary,OK
15,29,33,bottom_chord,4,100.0,42.0,126.0,171.5,1.0,1.0,457.3789979974989,10.889976142797593,tension,2824.3152,215.7463,746.1420927223555,1015.582292872095,746.1420927223555,6.174999753739117,,,,6.174999753739117,6.175,tension_capacity,tension_capacity,primary,OK
84,27,31,bottom_chord,4,100.0,42.0,126.0,171.5,1.0,1.0,457.37789961416144,10.889949990813367,tension,2824.3152,215.7463,746.1420927223555,1015.582292872095,746.1420927223555,6.175014582870223,,,,6.175014582870223,6.175,tension_capacity,tension_capacity,primary,OK
11,21,25,bottom_chord,4,100.0,42.0,126.0,171.5,1.0,1.0,402.40320315547336,9.58102864655889,tension,2824.3152,215.7463,746.1420927223555,1015.582292872095,746.1420927223555,7.018620075220404,,,,7.018620075220404,7.019,tension_capacity,tension_capacity,primary,OK
88,35,39,bottom_chord,4,100.0,42.0,126.0,171.5,1.0,1.0,402.40203975440596,9.581000946533475,tension,2824.3152,215.7463,746.1420927223555,1015.582292872095,746.1420927223555,7.018640367041221,,,,7.018640367041221,7.019,tension_capacity,tension_capacity,primary,OK
17,33,37,bottom_chord,4,100.0,42.0,126.0,171.5,1.0,1.0,393.601150570004,9.371455965952476,tension,2824.3152,215.7463,746.1420927223555,1015.582292872095,746.1420927223555,7.175576585357773,,,,7.175576585357773,7.176,tension_capacity,tension_capacity,primary,OK
82,23,27,bottom_chord,4,100.0,42.0,126.0,171.5,1.0,1.0,393.5999221512144,9.371426717886058,tension,2824.3152,215.7463,746.1420927223555,1015.582292872095,746.1420927223555,7.175598980212568,,,,7.175598980212568,7.176,tension_capacity,tension_capacity,primary,OK
9,17,21,bottom_chord,4,100.0,42.0,126.0,171.5,1.0,1.0,366.5934870678903,8.728416358759294,tension,2824.3152,215.7463,746.1420927223555,1015.582292872095,746.1420927223555,7.704215431074908,,,,7.704215431074908,7.704,tension_capacity,tension_capacity,primary,OK
90,39,43,bottom_chord,4,100.0,42.0,126.0,171.5,1.0,1.0,366.5918747353357,8.728377969888944,tension,2824.3152,215.7463,746.1420927223555,1015.582292872095,746.1420927223555,7.704249315506623,,,,7.704249315506623,7.704,tension_capacity,tension_capacity,primary,OK
19,37,41,bottom_chord,4,100.0,42.0,126.0,171.5,1.0,1.0,349.3892920066744,8.318792666825582,tension,2824.3152,215.7463,746.1420927223555,1015.582292872095,746.1420927223555,8.083576871457318,,,,8.083576871457318,8.084,tension_capacity,tension_capacity,primary,OK
80,19,23,bottom_chord,4,100.0,42.0,126.0,171.5,1.0,1.0,349.38756448245823,8.318751535296624,tension,2824.3152,215.7463,746.1420927223555,1015.582292872095,746.1420927223555,8.083616840180358,,,,8.083616840180358,8.084,tension_capacity,tension_capacity,primary,OK
173,1,7,bottom_bracing,1,197.2308292331602,10.5,1.96875,42.875,1.0,1.0,-0.3641737294822922,-0.034683212331646875,compression,706.0788,39.2266,2.99703604081923,65.26878488895211,2.99703604081923,,107.71397501891299,8.229687641334818,179.22430863351383,8.229687641334818,8.230,buckling_y,travamento: compressão deve ser interpretada com cautela,stabilizer,STABILIZER_COMPRESSION
199,53,59,bottom_bracing,1,197.2308292331602,10.5,1.96875,42.875,1.0,1.0,-0.3562652453693058,-0.03393002336850531,compression,706.0788,39.2266,2.99703604081923,65.26878488895211,2.99703604081923,,110.10504254867062,8.4123727469192,183.20278426624034,8.4123727469192,8.412,buckling_y,travamento: compressão deve ser interpretada com cautela,stabilizer,STABILIZER_COMPRESSION
7,13,17,bottom_chord,4,100.0,42.0,126.0,171.5,1.0,1.0,309.3569539261138,7.365641760145567,tension,2824.3152,215.7463,746.1420927223555,1015.582292872095,746.1420927223555,9.129632174599681,,,,9.129632174599681,9.130,tension_capacity,tension_capacity,primary,OK
92,43,47,bottom_chord,4,100.0,42.0,126.0,171.5,1.0,1.0,309.3544824790592,7.3655829161680755,tension,2824.3152,215.7463,746.1420927223555,1015.582292872095,746.1420927223555,9.129705111647068,,,,9.129705111647068,9.130,tension_capacity,tension_capacity,primary,OK
153,21,23,bottom_transverse,2,170.0,21.0,15.75,85.75,1.0,1.0,-3.2924677223507803,-0.15678417725479907,compression,1412.1576,107.87315,32.27258186515378,175.70627904361504,32.27258186515378,,32.763616562649226,9.80194327983011,53.3661356346306,9.80194327983011,9.802,buckling_y,buckling_y,primary,OK
161,37,39,bottom_transverse,2,170.0,21.0,15.75,85.75,1.0,1.0,-3.292314544364549,-0.15677688306497853,compression,1412.1576,107.87315,32.27258186515378,175.70627904361504,32.27258186515378,,32.76514092028246,9.802399324327842,53.3686185435627,9.802399324327842,9.802,buckling_y,buckling_y,primary,OK
21,41,45,bottom_chord,4,100.0,42.0,126.0,171.5,1.0,1.0,286.37506322258196,6.818453886251952,tension,2824.3152,215.7463,746.1420927223555,1015.582292872095,746.1420927223555,9.86229446173821,,,,9.86229446173821,9.862,tension_capacity,tension_capacity,primary,OK
78,15,19,bottom_chord,4,100.0,42.0,126.0,171.5,1.0,1.0,286.3723421421154,6.818389098621795,tension,2824.3152,215.7463,746.1420927223555,1015.582292872095,746.1420927223555,9.862388172243264,,,,9.862388172243264,9.862,tension_capacity,tension_capacity,primary,OK
139,51,56,diagonal,3,124.00716825158848,31.5,53.15625,128.625,1.0,1.0,201.60818508717284,6.400259844037233,tension,2118.2364,161.809725,204.69712849025967,495.3165084455666,204.69712849025967,10.506698421416278,,,,10.506698421416278,10.507,tension_capacity,tension_capacity,primary,OK
140,51,56,chord_lacing,1,124.00716825158848,10.5,1.96875,42.875,1.0,1.0,67.20272836239094,6.400259844037232,tension,706.0788,39.2266,7.581375129268878,165.10550281518888,7.581375129268878,10.50669842141628,,,,10.50669842141628,10.507,tension_capacity,tension_capacity,secondary,OK
46,6,9,diagonal,3,124.0071682515885,31.5,53.15625,128.625,1.0,1.0,201.60543755341632,6.400172620743375,tension,2118.2364,161.809725,204.69712849025964,495.3165084455665,204.69712849025964,10.506841609561066,,,,10.506841609561066,10.507,tension_capacity,tension_capacity,primary,OK
47,6,9,chord_lacing,1,124.0071682515885,10.5,1.96875,42.875,1.0,1.0,67.20181251780545,6.400172620743376,tension,706.0788,39.2266,7.581375129268876,165.10550281518886,7.581375129268876,10.506841609561066,,,,10.506841609561066,10.507,tension_capacity,tension_capacity,secondary,OK
117,8,11,diagonal,3,124.0071682515885,31.5,53.15625,128.625,1.0,1.0,171.5145875196527,5.444907540306435,tension,2118.2364,161.809725,204.69712849025964,495.3165084455665,204.69712849025964,12.350182166034624,,,,12.350182166034624,12.350,tension_capacity,tension_capacity,primary,OK
118,8,11,chord_lacing,1,124.0071682515885,10.5,1.96875,42.875,1.0,1.0,57.17152917321757,5.444907540306436,tension,706.0788,39.2266,7.581375129268876,165.10550281518886,7.581375129268876,12.350182166034626,,,,12.350182166034626,12.350,tension_capacity,tension_capacity,secondary,OK
68,49,54,diagonal,3,124.00716825158848,31.5,53.15625,128.625,1.0,1.0,171.51183998589522,5.444820317012547,tension,2118.2364,161.809725,204.69712849025967,495.3165084455666,204.69712849025967,12.350380009766084,,,,12.350380009766084,12.350,tension_capacity,tension_capacity,primary,OK
69,49,54,chord_lacing,1,124.00716825158848,10.5,1.96875,42.875,1.0,1.0,57.170613328631745,5.444820317012547,tension,706.0788,39.2266,7.581375129268878,165.10550281518888,7.581375129268878,12.350380009766084,,,,12.350380009766084,12.350,tension_capacity,tension_capacity,secondary,OK
5,9,13,bottom_chord,4,100.0,42.0,126.0,171.5,1.0,1.0,208.86548138691444,4.972987652069391,tension,2824.3152,215.7463,746.1420927223555,1015.582292872095,746.1420927223555,13.522173129068063,,,,13.522173129068063,13.522,tension_capacity,tension_capacity,primary,OK
94,47,51,bottom_chord,4,100.0,42.0,126.0,171.5,1.0,1.0,208.86127284644098,4.972887448724785,tension,2824.3152,215.7463,746.1420927223555,1015.582292872095,746.1420927223555,13.52244559993893,,,,13.52244559993893,13.522,tension_capacity,tension_capacity,primary,OK
157,29,31,bottom_transverse,2,170.0,21.0,15.75,85.75,1.0,1.0,-2.3294810838971984,-0.11092767066177135,compression,1412.1576,107.87315,32.27258186515378,175.70627904361504,32.27258186515378,,46.307802516914755,13.853978934725701,75.42721864461771,13.853978934725701,13.854,buckling_y,buckling_y,primary,OK
23,45,49,bottom_chord,4,100.0,42.0,126.0,171.5,1.0,1.0,186.9513923196903,4.451223626659293,tension,2824.3152,215.7463,746.1420927223555,1015.582292872095,746.1420927223555,15.107216720645596,,,,15.107216720645596,15.107,tension_capacity,tension_capacity,primary,OK
76,11,15,bottom_chord,4,100.0,42.0,126.0,171.5,1.0,1.0,186.94674845433963,4.451113058436658,tension,2824.3152,215.7463,746.1420927223555,1015.582292872095,746.1420927223555,15.107591992646068,,,,15.107591992646068,15.108,tension_capacity,tension_capacity,primary,OK
151,17,19,bottom_transverse,2,170.0,21.0,15.75,85.75,1.0,1.0,-2.012469626118262,-0.09583188695801248,compression,1412.1576,107.87315,32.27258186515378,175.70627904361504,32.27258186515378,,53.602374217229986,16.03630755282629,87.30878556538758,16.03630755282629,16.036,buckling_y,buckling_y,primary,OK
163,41,43,bottom_transverse,2,170.0,21.0,15.75,85.75,1.0,1.0,-2.012159524791064,-0.0958171202281459,compression,1412.1576,107.87315,32.27258186515378,175.70627904361504,32.27258186515378,,53.61063507685912,16.038778967341003,87.32224104441212,16.038778967341003,16.039,buckling_y,buckling_y,primary,OK
202,2,3,cross_frame_bracing,1,185.14258769331755,10.5,1.96875,42.875,1.0,1.0,-0.1981706677043741,-0.018873396924226106,compression,706.0788,39.2266,3.40117445021333,74.07002136020141,3.40117445021333,,197.94352239109992,17.162855076449127,373.7688438871143,17.162855076449127,17.163,buckling_y,travamento: compressão deve ser interpretada com cautela,stabilizer,STABILIZER_COMPRESSION
137,47,52,diagonal,3,148.66068747318505,31.5,53.15625,128.625,1.0,1.0,118.78215838436833,3.770862170932328,tension,2118.2364,161.809725,142.43379880870756,344.65462427786025,142.43379880870756,17.832950914611082,,,,17.832950914611082,17.833,tension_capacity,tension_capacity,primary,OK
138,47,52,chord_lacing,1,148.66068747318505,10.5,1.96875,42.875,1.0,1.0,39.59405279478944,3.7708621709323276,tension,706.0788,39.2266,5.275325881803984,114.88487475928676,5.275325881803984,17.832950914611086,,,,17.832950914611086,17.833,tension_capacity,tension_capacity,secondary,OK
48,10,13,diagonal,3,148.66068747318505,31.5,53.15625,128.625,1.0,1.0,118.78049993317431,3.7708095216880735,tension,2118.2364,161.809725,142.43379880870756,344.65462427786025,142.43379880870756,17.833199903954906,,,,17.833199903954906,17.833,tension_capacity,tension_capacity,primary,OK
49,10,13,chord_lacing,1,148.66068747318505,10.5,1.96875,42.875,1.0,1.0,39.59349997772477,3.770809521688073,tension,706.0788,39.2266,5.275325881803984,114.88487475928676,5.275325881803984,17.83319990395491,,,,17.83319990395491,17.833,tension_capacity,tension_capacity,secondary,OK
131,35,40,diagonal,3,241.66091947189145,31.5,53.15625,128.625,1.0,1.0,114.06801851800155,3.6212069370794144,tension,2118.2364,161.809725,53.90046153548693,130.4258081599437,53.90046153548693,18.569941229107194,,,,18.569941229107194,18.570,tension_capacity,tension_capacity,primary,OK
132,35,40,chord_lacing,1,241.66091947189145,10.5,1.96875,42.875,1.0,1.0,38.02267283933385,3.6212069370794144,tension,706.0788,39.2266,1.99631339020322,43.4752693866479,1.99631339020322,18.569941229107194,,,,18.569941229107194,18.570,tension_capacity,tension_capacity,secondary,OK
54,22,25,diagonal,3,241.66091947189145,31.5,53.15625,128.625,1.0,1.0,114.06790067617482,3.621203196069042,tension,2118.2364,161.809725,53.90046153548693,130.4258081599437,53.90046153548693,18.56996041343323,,,,18.56996041343323,18.570,tension_capacity,tension_capacity,primary,OK
55,22,25,chord_lacing,1,241.66091947189145,10.5,1.96875,42.875,1.0,1.0,38.02263355872494,3.621203196069042,tension,706.0788,39.2266,1.99631339020322,43.4752693866479,1.99631339020322,18.56996041343323,,,,18.56996041343323,18.570,tension_capacity,tension_capacity,secondary,OK
119,12,15,diagonal,3,148.66068747318505,31.5,53.15625,128.625,1.0,1.0,104.86898831592173,3.3291742322514835,tension,2118.2364,161.809725,142.43379880870756,344.65462427786025,142.43379880870756,20.19888275853996,,,,20.19888275853996,20.199,tension_capacity,tension_capacity,primary,OK
120,12,15,chord_lacing,1,148.66068747318505,10.5,1.96875,42.875,1.0,1.0,34.95632943864057,3.329174232251483,tension,706.0788,39.2266,5.275325881803984,114.88487475928676,5.275325881803984,20.198882758539963,,,,20.198882758539963,20.199,tension_capacity,tension_capacity,secondary,OK
66,45,50,diagonal,3,148.66068747318505,31.5,53.15625,128.625,1.0,1.0,104.86732986472693,3.329121583007204,tension,2118.2364,161.809725,142.43379880870756,344.65462427786025,142.43379880870756,20.19920219893467,,,,20.19920219893467,20.199,tension_capacity,tension_capacity,primary,OK
67,45,50,chord_lacing,1,148.66068747318505,10.5,1.96875,42.875,1.0,1.0,34.955776621575644,3.329121583007204,tension,706.0788,39.2266,5.275325881803984,114.88487475928676,5.275325881803984,20.199202198934675,,,,20.199202198934675,20.199,tension_capacity,tension_capacity,secondary,OK
229,57,60,cross_frame_bracing,1,185.14258769331752,10.5,1.96875,42.875,1.0,1.0,-0.16721490674015377,-0.015925229213347977,compression,706.0788,39.2266,3.401174450213331,74.07002136020144,3.401174450213331,,234.58793695323342,20.34013902539586,442.96302766417654,20.34013902539586,20.340,buckling_y,travamento: compressão deve ser interpretada com cautela,stabilizer,STABILIZER_COMPRESSION
125,24,27,diagonal,3,241.66091947189145,31.5,53.15625,128.625,1.0,1.0,104.06915447275888,3.303782681674885,tension,2118.2364,161.809725,53.90046153548693,130.4258081599437,53.90046153548693,20.354123282076525,,,,20.354123282076525,20.354,tension_capacity,tension_capacity,primary,OK
126,24,27,chord_lacing,1,241.66091947189145,10.5,1.96875,42.875,1.0,1.0,34.68971815758629,3.303782681674885,tension,706.0788,39.2266,1.99631339020322,43.4752693866479,1.99631339020322,20.35412328207653,,,,20.35412328207653,20.354,tension_capacity,tension_capacity,secondary,OK
60,33,38,diagonal,3,241.66091947189145,31.5,53.15625,128.625,1.0,1.0,104.06903663093351,3.303778940664556,tension,2118.2364,161.809725,53.90046153548693,130.4258081599437,53.90046153548693,20.354146329921676,,,,20.354146329921676,20.354,tension_capacity,tension_capacity,primary,OK
61,33,38,chord_lacing,1,241.66091947189145,10.5,1.96875,42.875,1.0,1.0,34.68967887697784,3.303778940664556,tension,706.0788,39.2266,1.99631339020322,43.4752693866479,1.99631339020322,20.35414632992168,,,,20.35414632992168,20.354,tension_capacity,tension_capacity,secondary,OK
135,43,48,diagonal,3,177.5136927425913,31.5,53.15625,128.625,1.0,1.0,84.38415730564407,2.6788621366871133,tension,2118.2364,161.809725,99.89450840286294,241.72004502421157,99.89450840286294,25.102299621570324,,,,25.102299621570324,25.102,tension_capacity,tension_capacity,primary,OK
136,43,48,chord_lacing,1,177.5136927425913,10.5,1.96875,42.875,1.0,1.0,28.12805243521469,2.6788621366871133,tension,706.0788,39.2266,3.6997966075134427,80.57334834140386,3.6997966075134427,25.102299621570324,,,,25.102299621570324,25.102,tension_capacity,tension_capacity,secondary,OK
50,14,17,diagonal,3,177.5136927425913,31.5,53.15625,128.625,1.0,1.0,84.3831668819793,2.6788306946660096,tension,2118.2364,161.809725,99.89450840286294,241.72004502421157,99.89450840286294,25.102594252745046,,,,25.102594252745046,25.103,tension_capacity,tension_capacity,primary,OK
51,14,17,chord_lacing,1,177.5136927425913,10.5,1.96875,42.875,1.0,1.0,28.127722293993102,2.6788306946660096,tension,706.0788,39.2266,3.6997966075134427,80.57334834140386,3.6997966075134427,25.10259425274505,,,,25.10259425274505,25.103,tension_capacity,tension_capacity,secondary,OK
121,16,19,diagonal,3,177.5136927425913,31.5,53.15625,128.625,1.0,1.0,75.85090931082189,2.4079653749467265,tension,2118.2364,161.809725,99.89450840286294,241.72004502421157,99.89450840286294,27.926315178634045,,,,27.926315178634045,27.926,tension_capacity,tension_capacity,primary,OK
122,16,19,chord_lacing,1,177.5136927425913,10.5,1.96875,42.875,1.0,1.0,25.283636436940633,2.407965374946727,tension,706.0788,39.2266,3.6997966075134427,80.57334834140386,3.6997966075134427,27.926315178634045,,,,27.926315178634045,27.926,tension_capacity,tension_capacity,secondary,OK
64,41,46,diagonal,3,177.5136927425913,31.5,53.15625,128.625,1.0,1.0,75.8499188871583,2.40793393292566,tension,2118.2364,161.809725,99.89450840286294,241.72004502421157,99.89450840286294,27.926679831408837,,,,27.926679831408837,27.927,tension_capacity,tension_capacity,primary,OK
65,41,46,chord_lacing,1,177.5136927425913,10.5,1.96875,42.875,1.0,1.0,25.283306295719434,2.4079339329256606,tension,706.0788,39.2266,3.6997966075134427,80.57334834140386,3.6997966075134427,27.926679831408837,,,,27.926679831408837,27.927,tension_capacity,tension_capacity,secondary,OK
133,39,44,diagonal,3,208.83273476902778,31.5,53.15625,128.625,1.0,1.0,66.04739446706614,2.096742681494163,tension,2118.2364,161.809725,72.17855435172469,174.6542796659017,72.17855435172469,32.07146045793278,,,,32.07146045793278,32.071,tension_capacity,tension_capacity,primary,OK
134,39,44,chord_lacing,1,208.83273476902778,10.5,1.96875,42.875,1.0,1.0,22.015798155688714,2.096742681494163,tension,706.0788,39.2266,2.673279790804618,58.21809322196724,2.673279790804618,32.07146045793278,,,,32.07146045793278,32.071,tension_capacity,tension_capacity,secondary,OK
52,18,21,diagonal,3,208.8327347690278,31.5,53.15625,128.625,1.0,1.0,66.04679316386355,2.0967235925036047,tension,2118.2364,161.809725,72.17855435172466,174.65427966590164,72.17855435172466,32.07175244291738,,,,32.07175244291738,32.072,tension_capacity,tension_capacity,primary,OK
53,18,21,chord_lacing,1,208.8327347690278,10.5,1.96875,42.875,1.0,1.0,22.01559772128785,2.0967235925036047,tension,706.0788,39.2266,2.6732797908046173,58.218093221967216,2.6732797908046173,32.071752442917386,,,,32.071752442917386,32.072,tension_capacity,tension_capacity,secondary,OK
123,20,23,diagonal,3,208.8327347690278,31.5,53.15625,128.625,1.0,1.0,59.622837602983275,1.8927884953328025,tension,2118.2364,161.809725,72.17855435172466,174.65427966590164,72.17855435172466,35.52726581221978,,,,35.52726581221978,35.527,tension_capacity,tension_capacity,primary,OK
124,20,23,chord_lacing,1,208.8327347690278,10.5,1.96875,42.875,1.0,1.0,19.874279200994426,1.8927884953328025,tension,706.0788,39.2266,2.6732797908046173,58.218093221967216,2.6732797908046173,35.52726581221978,,,,35.52726581221978,35.527,tension_capacity,tension_capacity,secondary,OK
62,37,42,diagonal,3,208.83273476902778,31.5,53.15625,128.625,1.0,1.0,59.622236299782664,1.8927694063423068,tension,2118.2364,161.809725,72.17855435172469,174.6542796659017,72.17855435172469,35.52762411241058,,,,35.52762411241058,35.528,tension_capacity,tension_capacity,primary,OK
63,37,42,chord_lacing,1,208.83273476902778,10.5,1.96875,42.875,1.0,1.0,19.874078766594224,1.892769406342307,tension,706.0788,39.2266,2.673279790804618,58.21809322196724,2.673279790804618,35.52762411241058,,,,35.52762411241058,35.528,tension_capacity,tension_capacity,secondary,OK
149,13,15,bottom_transverse,2,170.0,21.0,15.75,85.75,1.0,1.0,-0.6293492830929086,-0.029969013480614697,compression,1412.1576,107.87315,32.27258186515378,175.70627904361504,32.27258186515378,,171.4042629394321,51.27928597384212,279.18722363536267,51.27928597384212,51.279,buckling_y,buckling_y,primary,OK
165,45,47,bottom_transverse,2,170.0,21.0,15.75,85.75,1.0,1.0,-0.6287670685327015,-0.02994128897774769,compression,1412.1576,107.87315,32.27258186515378,175.70627904361504,32.27258186515378,,171.5629768138686,51.32676865610261,279.4457404610031,51.32676865610261,51.327,buckling_y,buckling_y,primary,OK
129,31,36,diagonal,3,241.66091947189145,31.5,53.15625,128.625,1.0,1.0,41.012063013351394,1.3019702543921077,tension,2118.2364,161.809725,53.90046153548693,130.4258081599437,53.90046153548693,51.64910624735976,,,,51.64910624735976,51.649,tension_capacity,tension_capacity,primary,OK
130,31,36,chord_lacing,1,241.66091947189145,10.5,1.96875,42.875,1.0,1.0,13.67068767111713,1.3019702543921077,tension,706.0788,39.2266,1.99631339020322,43.4752693866479,1.99631339020322,51.64910624735977,,,,51.64910624735977,51.649,tension_capacity,tension_capacity,secondary,OK
56,26,29,diagonal,3,241.66091947189145,31.5,53.15625,128.625,1.0,1.0,41.01202130030606,1.3019689301684463,tension,2118.2364,161.809725,53.90046153548693,130.4258081599437,53.90046153548693,51.64915877931118,,,,51.64915877931118,51.649,tension_capacity,tension_capacity,primary,OK
57,26,29,chord_lacing,1,241.66091947189145,10.5,1.96875,42.875,1.0,1.0,13.670673766768688,1.3019689301684465,tension,706.0788,39.2266,1.99631339020322,43.4752693866479,1.99631339020322,51.64915877931118,,,,51.64915877931118,51.649,tension_capacity,tension_capacity,secondary,OK
185,25,31,bottom_bracing,1,197.2308292331602,10.5,1.96875,42.875,1.0,1.0,12.916024604946124,1.2300975814234403,tension,706.0788,39.2266,2.99703604081923,65.26878488895211,2.99703604081923,54.666882542915786,,,,54.666882542915786,54.667,tension_capacity,tension_capacity,stabilizer,OK
187,29,35,bottom_bracing,1,197.2308292331602,10.5,1.96875,42.875,1.0,1.0,12.915979212979126,1.2300932583789643,tension,706.0788,39.2266,2.99703604081923,65.26878488895211,2.99703604081923,54.667074664417946,,,,54.667074664417946,54.667,tension_capacity,tension_capacity,stabilizer,OK
183,21,27,bottom_bracing,1,197.2308292331602,10.5,1.96875,42.875,1.0,1.0,12.542199189802565,1.1944951609335777,tension,706.0788,39.2266,2.99703604081923,65.26878488895211,2.99703604081923,56.29625150380942,,,,56.29625150380942,56.296,tension_capacity,tension_capacity,stabilizer,OK
189,33,39,bottom_bracing,1,197.2308292331602,10.5,1.96875,42.875,1.0,1.0,12.542070954801654,1.194482948076348,tension,706.0788,39.2266,2.99703604081923,65.26878488895211,2.99703604081923,56.29682709853289,,,,56.29682709853289,56.297,tension_capacity,tension_capacity,stabilizer,OK
181,17,23,bottom_bracing,1,197.2308292331602,10.5,1.96875,42.875,1.0,1.0,12.11982243359797,1.1542688031998065,tension,706.0788,39.2266,2.99703604081923,65.26878488895211,2.99703604081923,58.258180255400724,,,,58.258180255400724,58.258,tension_capacity,tension_capacity,stabilizer,OK
191,37,43,bottom_bracing,1,197.2308292331602,10.5,1.96875,42.875,1.0,1.0,12.11959524011367,1.1542471657251114,tension,706.0788,39.2266,2.99703604081923,65.26878488895211,2.99703604081923,58.25927236109394,,,,58.25927236109394,58.259,tension_capacity,tension_capacity,stabilizer,OK
156,26,28,top_transverse,2,170.0,21.0,15.75,85.75,1.0,1.0,24.17655139963949,1.151264352363785,tension,1412.1576,107.87315,32.27258186515378,175.70627904361504,32.27258186515378,58.41021643893585,,,,58.41021643893585,58.410,tension_capacity,tension_capacity,primary,OK
160,34,36,top_transverse,2,170.0,21.0,15.75,85.75,1.0,1.0,24.176476572127378,1.1512607891489228,tension,1412.1576,107.87315,32.27258186515378,175.70627904361504,32.27258186515378,58.41039722173788,,,,58.41039722173788,58.410,tension_capacity,tension_capacity,primary,OK
179,13,19,bottom_bracing,1,197.2308292331602,10.5,1.96875,42.875,1.0,1.0,11.91749234530947,1.1349992709818542,tension,706.0788,39.2266,2.99703604081923,65.26878488895211,2.99703604081923,59.24726272451949,,,,59.24726272451949,59.247,tension_capacity,tension_capacity,stabilizer,OK
193,41,47,bottom_bracing,1,197.2308292331602,10.5,1.96875,42.875,1.0,1.0,11.916999991242037,1.1349523801182893,tension,706.0788,39.2266,2.99703604081923,65.26878488895211,2.99703604081923,59.24971054115187,,,,59.24971054115187,59.250,tension_capacity,tension_capacity,stabilizer,OK
177,9,15,bottom_bracing,1,197.2308292331602,10.5,1.96875,42.875,1.0,1.0,10.589138854867006,1.0084894147492387,tension,706.0788,39.2266,2.99703604081923,65.26878488895211,2.99703604081923,66.67952981610685,,,,66.67952981610685,66.680,tension_capacity,tension_capacity,stabilizer,OK
195,45,51,bottom_bracing,1,197.2308292331602,10.5,1.96875,42.875,1.0,1.0,10.58828025998754,1.0084076438083371,tension,706.0788,39.2266,2.99703604081923,65.26878488895211,2.99703604081923,66.68493680397074,,,,66.68493680397074,66.685,tension_capacity,tension_capacity,stabilizer,OK
127,28,31,diagonal,3,241.66091947189145,31.5,53.15625,128.625,1.0,1.0,31.700330416003755,1.006359695746151,tension,2118.2364,161.809725,53.90046153548693,130.4258081599437,53.90046153548693,66.820641053338,,,,66.820641053338,66.821,tension_capacity,tension_capacity,primary,OK
128,28,31,chord_lacing,1,241.66091947189145,10.5,1.96875,42.875,1.0,1.0,10.566776805334586,1.006359695746151,tension,706.0788,39.2266,1.99631339020322,43.4752693866479,1.99631339020322,66.82064105333801,,,,66.82064105333801,66.821,tension_capacity,tension_capacity,secondary,OK
58,29,34,diagonal,3,241.66091947189145,31.5,53.15625,128.625,1.0,1.0,31.70028870296209,1.006358371522606,tension,2118.2364,161.809725,53.90046153548693,130.4258081599437,53.90046153548693,66.82072897973546,,,,66.82072897973546,66.821,tension_capacity,tension_capacity,primary,OK
59,29,34,chord_lacing,1,241.66091947189145,10.5,1.96875,42.875,1.0,1.0,10.566762900987364,1.006358371522606,tension,706.0788,39.2266,1.99631339020322,43.4752693866479,1.99631339020322,66.82072897973548,,,,66.82072897973548,66.821,tension_capacity,tension_capacity,secondary,OK
158,30,32,top_transverse,2,170.0,21.0,15.75,85.75,1.0,1.0,19.936006852858306,0.9493336596599193,tension,1412.1576,107.87315,32.27258186515378,175.70627904361504,32.27258186515378,70.83452621293281,,,,70.83452621293281,70.835,tension_capacity,tension_capacity,primary,OK
150,14,16,top_transverse,2,170.0,21.0,15.75,85.75,1.0,1.0,18.76988621627619,0.8938041055369614,tension,1412.1576,107.87315,32.27258186515378,175.70627904361504,32.27258186515378,75.23527759989595,,,,75.23527759989595,75.235,tension_capacity,tension_capacity,primary,OK
166,46,48,top_transverse,2,170.0,21.0,15.75,85.75,1.0,1.0,18.769304001715906,0.8937763810340907,tension,1412.1576,107.87315,32.27258186515378,175.70627904361504,32.27258186515378,75.23761136112982,,,,75.23761136112982,75.238,tension_capacity,tension_capacity,primary,OK
152,18,20,top_transverse,2,170.0,21.0,15.75,85.75,1.0,1.0,18.706114422339056,0.8907673534447169,tension,1412.1576,107.87315,32.27258186515378,175.70627904361504,32.27258186515378,75.49176531891547,,,,75.49176531891547,75.492,tension_capacity,tension_capacity,primary,OK
164,42,44,top_transverse,2,170.0,21.0,15.75,85.75,1.0,1.0,18.705804321011776,0.8907525867148465,tension,1412.1576,107.87315,32.27258186515378,175.70627904361504,32.27258186515378,75.49301680728894,,,,75.49301680728894,75.493,tension_capacity,tension_capacity,primary,OK
154,22,24,top_transverse,2,170.0,21.0,15.75,85.75,1.0,1.0,17.96457252981818,0.8554558347532467,tension,1412.1576,107.87315,32.27258186515378,175.70627904361504,32.27258186515378,78.6079155324211,,,,78.6079155324211,78.608,tension_capacity,tension_capacity,primary,OK
162,38,40,top_transverse,2,170.0,21.0,15.75,85.75,1.0,1.0,17.964419351832266,0.8554485405634412,tension,1412.1576,107.87315,32.27258186515378,175.70627904361504,32.27258186515378,78.60858580191005,,,,78.60858580191005,78.609,tension_capacity,tension_capacity,primary,OK
96,51,55,bottom_chord,4,100.0,42.0,126.0,171.5,1.0,1.0,-2.54071950231582,-0.060493321483710005,compression,2824.3152,215.7463,746.1420927223555,1015.582292872095,746.1420927223555,,84.91543431037984,293.67354091715373,399.72231958168146,84.91543431037984,84.915,compression_direct,compression_direct,primary,OK
3,5,9,bottom_chord,4,100.0,42.0,126.0,171.5,1.0,1.0,-2.5331214703605798,-0.06031241596096618,compression,2824.3152,215.7463,746.1420927223555,1015.582292872095,746.1420927223555,,85.17013594665453,294.554407063687,400.9212762811295,85.17013594665453,85.170,compression_direct,compression_direct,primary,OK
148,10,12,top_transverse,2,170.0,21.0,15.75,85.75,1.0,1.0,16.03446420652308,0.7635459145963371,tension,1412.1576,107.87315,32.27258186515378,175.70627904361504,32.27258186515378,88.07014576923072,,,,88.07014576923072,88.070,tension_capacity,tension_capacity,primary,OK
168,50,52,top_transverse,2,170.0,21.0,15.75,85.75,1.0,1.0,16.03373591447889,0.7635112340228043,tension,1412.1576,107.87315,32.27258186515378,175.70627904361504,32.27258186515378,88.07414613363964,,,,88.07414613363964,88.074,tension_capacity,tension_capacity,primary,OK
175,5,11,bottom_bracing,1,197.2308292331602,10.5,1.96875,42.875,1.0,1.0,5.724443940456469,0.5451851371863304,tension,706.0788,39.2266,2.99703604081923,65.26878488895211,2.99703604081923,123.34452172898683,,,,123.34452172898683,123.345,tension_capacity,tension_capacity,stabilizer,OK
197,49,55,bottom_bracing,1,197.2308292331602,10.5,1.96875,42.875,1.0,1.0,5.723612633644951,0.545105965109043,tension,706.0788,39.2266,2.99703604081923,65.26878488895211,2.99703604081923,123.36243648801054,,,,123.36243648801054,123.362,tension_capacity,tension_capacity,stabilizer,OK
116,4,7,chord_lacing,1,124.0071682515885,10.5,1.96875,42.875,1.0,1.0,-0.05724276615429906,-0.005451692014695149,compression,706.0788,39.2266,7.581375129268876,165.10550281518886,7.581375129268876,,685.2673732478945,132.44250127314118,2884.303361059519,132.44250127314118,132.443,buckling_y,buckling_y,secondary,OK
71,53,58,chord_lacing,1,124.00716825158848,10.5,1.96875,42.875,1.0,1.0,-0.055999668506070716,-0.005333301762482925,compression,706.0788,39.2266,7.581375129268878,165.10550281518888,7.581375129268878,,700.4791465104403,135.38250013831794,2948.3300030122573,135.38250013831794,135.383,buckling_y,buckling_y,secondary,OK
170,54,56,top_transverse,2,170.0,21.0,15.75,85.75,1.0,1.0,9.8393617911433,0.4685410376734905,tension,1412.1576,107.87315,32.27258186515378,175.70627904361504,32.27258186515378,143.5212598108878,,,,143.5212598108878,143.521,tension_capacity,tension_capacity,primary,OK
146,6,8,top_transverse,2,170.0,21.0,15.75,85.75,1.0,1.0,9.836311760512174,0.46839579811962734,tension,1412.1576,107.87315,32.27258186515378,175.70627904361504,32.27258186515378,143.56576269462096,,,,143.56576269462096,143.566,tension_capacity,tension_capacity,primary,OK
172,58,60,top_transverse,2,170.0,21.0,15.75,85.75,1.0,1.0,-0.1535386023278917,-0.007311362015613891,compression,1412.1576,107.87315,32.27258186515378,175.70627904361504,32.27258186515378,,702.5799920311235,210.1919737176816,1144.3785235740443,210.1919737176816,210.192,buckling_y,buckling_y,primary,OK
144,2,4,top_transverse,2,170.0,21.0,15.75,85.75,1.0,1.0,-0.1319312685543459,-0.006282441359730757,compression,1412.1576,107.87315,32.27258186515378,175.70627904361504,32.27258186515378,,817.6465759939559,244.61662666314675,1331.8016340549102,244.61662666314675,244.617,buckling_y,buckling_y,primary,OK
145,5,7,bottom_transverse,2,170.0,21.0,15.75,85.75,1.0,1.0,5.216111463182835,0.24838626015156356,tension,1412.1576,107.87315,32.27258186515378,175.70627904361504,32.27258186515378,270.7299508393387,,,,270.7299508393387,270.730,tension_capacity,tension_capacity,primary,OK
169,53,55,bottom_transverse,2,170.0,21.0,15.75,85.75,1.0,1.0,5.213061432551406,0.248241020597686,tension,1412.1576,107.87315,32.27258186515378,175.70627904361504,32.27258186515378,270.8883480985287,,,,270.8883480985287,270.888,tension_capacity,tension_capacity,primary,OK
74,7,11,bottom_chord,4,100.0,42.0,126.0,171.5,1.0,1.0,-0.36928682082702835,-0.008792543353024485,compression,2824.3152,215.7463,746.1420927223555,1015.582292872095,746.1420927223555,,584.2242068558797,2020.494777071516,2750.117891014008,584.2242068558797,584.224,compression_direct,compression_direct,primary,OK
25,49,53,bottom_chord,4,100.0,42.0,126.0,171.5,1.0,1.0,-0.3612672995948252,-0.008601602371305361,compression,2824.3152,215.7463,746.1420927223555,1015.582292872095,746.1420927223555,,597.192993226809,2065.346333751164,2811.1658431613064,597.192993226809,597.193,compression_direct,compression_direct,primary,OK
159,33,35,bottom_transverse,2,170.0,21.0,15.75,85.75,1.0,1.0,2.2333120813148395,0.1063481943483257,tension,1412.1576,107.87315,32.27258186515378,175.70627904361504,32.27258186515378,632.3153901395665,,,,632.3153901395665,632.315,tension_capacity,tension_capacity,primary,OK
155,25,27,bottom_transverse,2,170.0,21.0,15.75,85.75,1.0,1.0,2.2332372538026957,0.1063446311334617,tension,1412.1576,107.87315,32.27258186515378,175.70627904361504,32.27258186515378,632.3365766872357,,,,632.3365766872357,632.337,tension_capacity,tension_capacity,primary,OK
167,49,51,bottom_transverse,2,170.0,21.0,15.75,85.75,1.0,1.0,1.9739573154688443,0.0939979674032783,tension,1412.1576,107.87315,32.27258186515378,175.70627904361504,32.27258186515378,715.3941926371349,,,,715.3941926371349,715.394,tension_capacity,tension_capacity,primary,OK
147,9,11,bottom_transverse,2,170.0,21.0,15.75,85.75,1.0,1.0,1.973229023424959,0.09396328682975995,tension,1412.1576,107.87315,32.27258186515378,175.70627904361504,32.27258186515378,715.6582349214082,,,,715.6582349214082,715.658,tension_capacity,tension_capacity,primary,OK
2,2,6,top_chord,5,100.0,52.5,1824.24375,2028.775,0.8,0.8,-0.3692868208266087,-0.007034034682411594,compression,3530.3940000000002,269.68287499999997,16879.27888468102,18771.756252018808,16879.27888468102,,730.2802585706795,45707.774913002795,50832.456490053606,730.2802585706795,730.280,compression_direct,compression_direct,primary,OK
99,56,60,top_chord,5,100.0,52.5,1824.24375,2028.775,0.8,0.8,-0.36126729959447546,-0.006881281897037628,compression,3530.3940000000002,269.68287499999997,16879.27888468102,18771.756252018808,16879.27888468102,,746.4912415342337,46722.409981828154,51960.85079687591,746.4912415342337,746.491,compression_direct,compression_direct,primary,OK
115,4,7,diagonal,3,124.0071682515885,31.5,53.15625,128.625,1.0,1.0,-0.17172829846289717,-0.005451692014695148,compression,2118.2364,161.809725,204.69712849025964,495.3165084455665,204.69712849025964,,942.242638215855,1191.9825114582707,2884.303361059519,942.242638215855,942.243,compression_direct,compression_direct,primary,OK
70,53,58,diagonal,3,124.00716825158848,31.5,53.15625,128.625,1.0,1.0,-0.16799900551821215,-0.005333301762482925,compression,2118.2364,161.809725,204.69712849025967,495.3165084455666,204.69712849025967,,963.1588264518554,1218.4425012448614,2948.3300030122573,963.1588264518554,963.159,compression_direct,compression_direct,primary,OK
174,2,8,top_bracing,1,197.2308292331602,10.5,1.96875,42.875,1.0,1.0,0.3641737294826103,0.03468321233167717,tension,706.0788,39.2266,2.99703604081923,65.26878488895211,2.99703604081923,1938.8515503387405,,,,1938.8515503387405,1938.852,tension_capacity,tension_capacity,stabilizer,OK
200,54,60,top_bracing,1,197.2308292331602,10.5,1.96875,42.875,1.0,1.0,0.3562652453699574,0.033930023368567375,tension,706.0788,39.2266,2.99703604081923,65.26878488895211,2.99703604081923,1981.8907658724465,,,,1981.8907658724465,1981.891,tension_capacity,tension_capacity,stabilizer,OK
114,59,60,vertical,3,73.33333333333331,31.5,53.15625,128.625,1.0,1.0,-0.06623233825915091,-0.0021026139129889177,compression,2118.2364,161.809725,585.3322847738007,1416.3596026625298,585.3322847738007,,2443.062245015089,8837.560324135604,21384.713870747877,2443.062245015089,2443.062,compression_direct,compression_direct,primary,OK
29,1,2,vertical,3,73.33333333333333,31.5,53.15625,128.625,1.0,1.0,-0.056911527611472085,-0.001806715162268955,compression,2118.2364,161.809725,585.3322847738003,1416.3596026625291,585.3322847738003,,2843.1801392620287,10284.951210056968,24887.04243421192,2843.1801392620287,2843.180,compression_direct,compression_direct,primary,OK
230,58,59,cross_frame_bracing,1,185.14258769331752,10.5,1.96875,42.875,1.0,1.0,0.1672149067399956,0.015925229213332913,tension,706.0788,39.2266,3.401174450213331,74.07002136020144,3.401174450213331,4222.582865162196,,,,4222.582865162196,4222.583,tension_capacity,tension_capacity,stabilizer,OK
201,1,4,cross_frame_bracing,1,185.14258769331755,10.5,1.96875,42.875,1.0,1.0,0.14368292034006144,0.013684087651434423,tension,706.0788,39.2266,3.40117445021333,74.07002136020141,3.40117445021333,4914.145664139402,,,,4914.145664139402,4914.146,tension_capacity,tension_capacity,stabilizer,OK
171,57,59,bottom_transverse,2,170.0,21.0,15.75,85.75,1.0,1.0,0.15353860232748068,0.007311362015594318,tension,1412.1576,107.87315,32.27258186515378,175.70627904361504,32.27258186515378,9197.410804795694,,,,9197.410804795694,9197.411,tension_capacity,tension_capacity,primary,OK
44,2,5,diagonal,3,124.0071682515885,31.5,53.15625,128.625,1.0,1.0,0.17172829846238954,0.005451692014679033,tension,2118.2364,161.809725,204.69712849025964,495.3165084455665,204.69712849025964,12334.812718498562,,,,12334.812718498562,12334.813,tension_capacity,tension_capacity,primary,OK
45,2,5,chord_lacing,1,124.0071682515885,10.5,1.96875,42.875,1.0,1.0,0.057242766154129855,0.005451692014679034,tension,706.0788,39.2266,7.581375129268876,165.10550281518886,7.581375129268876,12334.812718498562,,,,12334.812718498562,12334.813,tension_capacity,tension_capacity,secondary,OK
141,55,60,diagonal,3,124.00716825158848,31.5,53.15625,128.625,1.0,1.0,0.16799900551778912,0.005333301762469496,tension,2118.2364,161.809725,204.69712849025967,495.3165084455666,204.69712849025967,12608.624637219673,,,,12608.624637219673,12608.625,tension_capacity,tension_capacity,primary,OK
142,55,60,chord_lacing,1,124.00716825158848,10.5,1.96875,42.875,1.0,1.0,0.05599966850592971,0.005333301762469496,tension,706.0788,39.2266,7.581375129268878,165.10550281518888,7.581375129268878,12608.624637219675,,,,12608.624637219675,12608.625,tension_capacity,tension_capacity,secondary,OK
73,4,8,top_chord,5,100.0,52.5,1824.24375,2028.775,0.8,0.8,0.18464341041382892,0.003517017341215789,tension,3530.3940000000002,269.68287499999997,16879.27888468102,18771.756252018808,16879.27888468102,19120.064951614382,,,,19120.064951614382,19120.065,tension_capacity,tension_capacity,primary,OK
28,54,58,top_chord,5,100.0,52.5,1824.24375,2028.775,0.8,0.8,0.1806336497977623,0.003440640948528806,tension,3530.3940000000002,269.68287499999997,16879.27888468102,18771.756252018808,16879.27888468102,19544.497960112272,,,,19544.497960112272,19544.498,tension_capacity,tension_capacity,primary,OK
100,3,4,vertical,3,73.33333333333333,31.5,53.15625,128.625,1.0,1.0,0.0784936400248409,0.0024918615880901874,tension,2118.2364,161.809725,585.3322847738003,1416.3596026625291,585.3322847738003,26986.089565086306,,,,26986.089565086306,26986.090,tension_capacity,tension_capacity,primary,OK
1,1,5,bottom_chord,4,100.0,42.0,126.0,171.5,1.0,1.0,0.09232170521076502,0.0021981358383515483,tension,2824.3152,215.7463,746.1420927223555,1015.582292872095,746.1420927223555,30592.10392130707,,,,30592.10392130707,30592.104,tension_capacity,tension_capacity,primary,OK
231,1,5,support_pad,4,100.0,42.0,7.875,2744.0,0.7,0.7,0.09232170521076502,0.0021981358383515483,tension,2824.3152,215.7463,95.17118529621881,33161.87078766024,95.17118529621881,30592.10392130707,,,,30592.10392130707,30592.104,tension_capacity,tension_capacity,primary,OK
98,55,59,bottom_chord,4,100.0,42.0,126.0,171.5,1.0,1.0,0.09031682489898607,0.0021504005928330017,tension,2824.3152,215.7463,746.1420927223555,1015.582292872095,746.1420927223555,31271.19673614331,,,,31271.19673614331,31271.197,tension_capacity,tension_capacity,primary,OK
234,55,59,support_pad,4,100.0,42.0,7.875,2744.0,0.7,0.7,0.09031682489898607,0.0021504005928330017,tension,2824.3152,215.7463,95.17118529621881,33161.87078766024,95.17118529621881,31271.19673614331,,,,31271.19673614331,31271.197,tension_capacity,tension_capacity,primary,OK
43,57,58,vertical,3,73.33333333333331,31.5,53.15625,128.625,1.0,1.0,0.06623233825943706,0.002102613912998002,tension,2118.2364,161.809725,585.3322847738007,1416.3596026625298,585.3322847738007,31981.905752786628,,,,31981.905752786628,31981.906,tension_capacity,tension_capacity,primary,OK
232,53,57,support_pad,4,100.0,42.0,7.875,2744.0,0.7,0.7,-5.595524044110789e-13,-1.3322676295501878e-14,compression,2824.3152,215.7463,95.17118529621881,33161.87078766024,95.17118529621881,,385569427097842.56,170084489935102.97,5.926499560405365e+16,170084489935102.97,170084489935102.969,buckling_y,buckling_y,primary,OK
27,53,57,bottom_chord,4,100.0,42.0,126.0,171.5,1.0,1.0,-5.595524044110789e-13,-1.3322676295501878e-14,compression,2824.3152,215.7463,746.1420927223555,1015.582292872095,746.1420927223555,,385569427097842.56,1333462401091207.2,1814990490374143.2,385569427097842.56,385569427097842.562,compression_direct,compression_direct,primary,OK
72,3,7,bottom_chord,4,100.0,42.0,126.0,171.5,1.0,1.0,0.0,0.0,tension,2824.3152,215.7463,746.1420927223555,1015.582292872095,746.1420927223555,,,,,,sem solicitação,tension_capacity,tension_capacity,primary,OK
143,1,3,bottom_transverse,2,170.0,21.0,15.75,85.75,1.0,1.0,0.0,0.0,tension,1412.1576,107.87315,32.27258186515378,175.70627904361504,32.27258186515378,,,,,,sem solicitação,tension_capacity,tension_capacity,primary,OK
233,3,7,support_pad,4,100.0,42.0,7.875,2744.0,0.7,0.7,0.0,0.0,tension,2824.3152,215.7463,95.17118529621881,33161.87078766024,95.17118529621881,,,,,,sem solicitação,tension_capacity,tension_capacity,primary,OK
