member_id,i,j,group,n_sticks,L_mm,A_mm2,Iy_mm4,Iz_mm4,Ky,Kz,N_N,sigma_axial_MPa,state
1,1,5,bottom_chord,4,100.0,42.0,126.0,171.5,1.0,1.0,0.09232170521076502,0.0021981358383515483,tension
2,2,6,top_chord,5,100.0,52.5,1824.24375,2028.775,0.8,0.8,-0.3692868208266087,-0.007034034682411594,compression
3,5,9,bottom_chord,4,100.0,42.0,126.0,171.5,1.0,1.0,-2.5331214703605798,-0.06031241596096618,compression
4,6,10,top_chord,5,106.51030205780306,52.5,1824.24375,2028.775,0.8,0.8,-228.18169367387904,-4.346317974740553,compression
5,9,13,bottom_chord,4,100.0,42.0,126.0,171.5,1.0,1.0,208.86548138691444,4.972987652069391,tension
6,10,14,top_chord,5,106.51030205780306,52.5,1824.24375,2028.775,0.8,0.8,-335.9328135841853,-6.398720258746386,compression
7,13,17,bottom_chord,4,100.0,42.0,126.0,171.5,1.0,1.0,309.3569539261138,7.365641760145567,tension
8,14,18,top_chord,5,106.51030205780305,52.5,1824.24375,2028.775,0.8,0.8,-397.0048819690408,-7.561997751791253,compression
9,17,21,bottom_chord,4,100.0,42.0,126.0,171.5,1.0,1.0,366.5934870678903,8.728416358759294,tension
10,18,22,top_chord,5,106.51030205780305,52.5,1824.24375,2028.775,0.8,0.8,-435.37401429713947,-8.292838367564562,compression
11,21,25,bottom_chord,4,100.0,42.0,126.0,171.5,1.0,1.0,402.40320315547336,9.58102864655889,tension
12,22,26,top_chord,5,100.0,52.5,1824.24375,2028.775,0.8,0.8,-465.3387140222075,-8.863594552803953,compression
13,25,29,bottom_chord,4,100.0,42.0,126.0,171.5,1.0,1.0,458.7900295923187,10.923572133150445,tension
14,26,30,top_chord,5,100.0,52.5,1824.24375,2028.775,0.8,0.8,-481.4178898133914,-9.169864567874122,compression
15,29,33,bottom_chord,4,100.0,42.0,126.0,171.5,1.0,1.0,457.3789979974989,10.889976142797593,tension
16,30,34,top_chord,5,100.0,52.5,1824.24375,2028.775,0.8,0.8,-474.86922839813644,-9.045128159964504,compression
17,33,37,bottom_chord,4,100.0,42.0,126.0,171.5,1.0,1.0,393.601150570004,9.371455965952476,tension
18,34,38,top_chord,5,100.0,52.5,1824.24375,2028.775,0.8,0.8,-451.01991559462294,-8.590855535135676,compression
19,37,41,bottom_chord,4,100.0,42.0,126.0,171.5,1.0,1.0,349.3892920066744,8.318792666825582,tension
20,38,42,top_chord,5,106.51030205780306,52.5,1824.24375,2028.775,0.8,0.8,-412.68084549728275,-7.860587533281576,compression
21,41,45,bottom_chord,4,100.0,42.0,126.0,171.5,1.0,1.0,286.37506322258196,6.818453886251952,tension
22,42,46,top_chord,5,106.51030205780305,52.5,1824.24375,2028.775,0.8,0.8,-365.7000686385654,-6.965715593115532,compression
23,45,49,bottom_chord,4,100.0,42.0,126.0,171.5,1.0,1.0,186.9513923196903,4.451223626659293,tension
24,46,50,top_chord,5,106.51030205780306,52.5,1824.24375,2028.775,0.8,0.8,-299.30096996824335,-5.700970856537968,compression
25,49,53,bottom_chord,4,100.0,42.0,126.0,171.5,1.0,1.0,-0.3612672995948252,-0.008601602371305361,compression
26,50,54,top_chord,5,106.51030205780306,52.5,1824.24375,2028.775,0.8,0.8,-196.0315777525748,-3.7339348143347584,compression
27,53,57,bottom_chord,4,100.0,42.0,126.0,171.5,1.0,1.0,-5.595524044110789e-13,-1.3322676295501878e-14,compression
28,54,58,top_chord,5,100.0,52.5,1824.24375,2028.775,0.8,0.8,0.1806336497977623,0.003440640948528806,tension
29,1,2,vertical,3,73.33333333333333,31.5,53.15625,128.625,1.0,1.0,-0.056911527611472085,-0.001806715162268955,compression
30,5,6,vertical,3,73.33333333333333,31.5,53.15625,128.625,1.0,1.0,-236.46498335506294,-7.5068248684146965,compression
31,9,10,vertical,3,110.0,31.5,53.15625,128.625,1.0,1.0,-151.78024778667293,-4.818420564656283,compression
32,13,14,vertical,3,146.66666666666669,31.5,53.15625,128.625,1.0,1.0,-108.86803802707443,-3.4561281913356963,compression
33,17,18,vertical,3,183.33333333333334,31.5,53.15625,128.625,1.0,1.0,-83.86406122416996,-2.6623511499736496,compression
34,21,22,vertical,3,220.0,31.5,53.15625,128.625,1.0,1.0,-67.58029935488204,-2.145406328726414,compression
35,25,26,vertical,3,220.0,31.5,53.15625,128.625,1.0,1.0,-121.1609464208465,-3.8463792514554442,compression
36,29,30,vertical,3,220.0,31.5,53.15625,128.625,1.0,1.0,-76.86736683339021,-2.4402338677266733,compression
37,33,34,vertical,3,220.0,31.5,53.15625,128.625,1.0,1.0,-109.44113319203773,-3.474321688636118,compression
38,37,38,vertical,3,220.0,31.5,53.15625,128.625,1.0,1.0,-60.53137224372144,-1.9216308648800458,compression
39,41,42,vertical,3,183.33333333333331,31.5,53.15625,128.625,1.0,1.0,-74.65172065685294,-2.3698958938683474,compression
40,45,46,vertical,3,146.66666666666666,31.5,53.15625,128.625,1.0,1.0,-96.12942762576435,-3.0517278611353764,compression
41,49,50,vertical,3,109.99999999999999,31.5,53.15625,128.625,1.0,1.0,-130.76504141906125,-4.151271156160674,compression
42,53,54,vertical,3,73.33333333333331,31.5,53.15625,128.625,1.0,1.0,-198.34238016950218,-6.296583497444513,compression
43,57,58,vertical,3,73.33333333333331,31.5,53.15625,128.625,1.0,1.0,0.06623233825943706,0.002102613912998002,tension
44,2,5,diagonal,3,124.0071682515885,31.5,53.15625,128.625,1.0,1.0,0.17172829846238954,0.005451692014679033,tension
45,2,5,chord_lacing,1,124.0071682515885,10.5,1.96875,42.875,1.0,1.0,0.057242766154129855,0.005451692014679034,tension
46,6,9,diagonal,3,124.0071682515885,31.5,53.15625,128.625,1.0,1.0,201.60543755341632,6.400172620743375,tension
47,6,9,chord_lacing,1,124.0071682515885,10.5,1.96875,42.875,1.0,1.0,67.20181251780545,6.400172620743376,tension
48,10,13,diagonal,3,148.66068747318505,31.5,53.15625,128.625,1.0,1.0,118.78049993317431,3.7708095216880735,tension
49,10,13,chord_lacing,1,148.66068747318505,10.5,1.96875,42.875,1.0,1.0,39.59349997772477,3.770809521688073,tension
50,14,17,diagonal,3,177.5136927425913,31.5,53.15625,128.625,1.0,1.0,84.3831668819793,2.6788306946660096,tension
51,14,17,chord_lacing,1,177.5136927425913,10.5,1.96875,42.875,1.0,1.0,28.127722293993102,2.6788306946660096,tension
52,18,21,diagonal,3,208.8327347690278,31.5,53.15625,128.625,1.0,1.0,66.04679316386355,2.0967235925036047,tension
53,18,21,chord_lacing,1,208.8327347690278,10.5,1.96875,42.875,1.0,1.0,22.01559772128785,2.0967235925036047,tension
54,22,25,diagonal,3,241.66091947189145,31.5,53.15625,128.625,1.0,1.0,114.06790067617482,3.621203196069042,tension
55,22,25,chord_lacing,1,241.66091947189145,10.5,1.96875,42.875,1.0,1.0,38.02263355872494,3.621203196069042,tension
56,26,29,diagonal,3,241.66091947189145,31.5,53.15625,128.625,1.0,1.0,41.01202130030606,1.3019689301684463,tension
57,26,29,chord_lacing,1,241.66091947189145,10.5,1.96875,42.875,1.0,1.0,13.670673766768688,1.3019689301684465,tension
58,29,34,diagonal,3,241.66091947189145,31.5,53.15625,128.625,1.0,1.0,31.70028870296209,1.006358371522606,tension
59,29,34,chord_lacing,1,241.66091947189145,10.5,1.96875,42.875,1.0,1.0,10.566762900987364,1.006358371522606,tension
60,33,38,diagonal,3,241.66091947189145,31.5,53.15625,128.625,1.0,1.0,104.06903663093351,3.303778940664556,tension
61,33,38,chord_lacing,1,241.66091947189145,10.5,1.96875,42.875,1.0,1.0,34.68967887697784,3.303778940664556,tension
62,37,42,diagonal,3,208.83273476902778,31.5,53.15625,128.625,1.0,1.0,59.622236299782664,1.8927694063423068,tension
63,37,42,chord_lacing,1,208.83273476902778,10.5,1.96875,42.875,1.0,1.0,19.874078766594224,1.892769406342307,tension
64,41,46,diagonal,3,177.5136927425913,31.5,53.15625,128.625,1.0,1.0,75.8499188871583,2.40793393292566,tension
65,41,46,chord_lacing,1,177.5136927425913,10.5,1.96875,42.875,1.0,1.0,25.283306295719434,2.4079339329256606,tension
66,45,50,diagonal,3,148.66068747318505,31.5,53.15625,128.625,1.0,1.0,104.86732986472693,3.329121583007204,tension
67,45,50,chord_lacing,1,148.66068747318505,10.5,1.96875,42.875,1.0,1.0,34.955776621575644,3.329121583007204,tension
68,49,54,diagonal,3,124.00716825158848,31.5,53.15625,128.625,1.0,1.0,171.51183998589522,5.444820317012547,tension
69,49,54,chord_lacing,1,124.00716825158848,10.5,1.96875,42.875,1.0,1.0,57.170613328631745,5.444820317012547,tension
70,53,58,diagonal,3,124.00716825158848,31.5,53.15625,128.625,1.0,1.0,-0.16799900551821215,-0.005333301762482925,compression
71,53,58,chord_lacing,1,124.00716825158848,10.5,1.96875,42.875,1.0,1.0,-0.055999668506070716,-0.005333301762482925,compression
72,3,7,bottom_chord,4,100.0,42.0,126.0,171.5,1.0,1.0,0.0,0.0,tension
73,4,8,top_chord,5,100.0,52.5,1824.24375,2028.775,0.8,0.8,0.18464341041382892,0.003517017341215789,tension
74,7,11,bottom_chord,4,100.0,42.0,126.0,171.5,1.0,1.0,-0.36928682082702835,-0.008792543353024485,compression
75,8,12,top_chord,5,106.51030205780306,52.5,1824.24375,2028.775,0.8,0.8,-196.0261826280553,-3.7338320500581963,compression
76,11,15,bottom_chord,4,100.0,42.0,126.0,171.5,1.0,1.0,186.94674845433963,4.451113058436658,tension
77,12,16,top_chord,5,106.51030205780306,52.5,1824.24375,2028.775,0.8,0.8,-299.2976080713704,-5.700906820407055,compression
78,15,19,bottom_chord,4,100.0,42.0,126.0,171.5,1.0,1.0,286.3723421421154,6.818389098621795,tension
79,16,20,top_chord,5,106.51030205780305,52.5,1824.24375,2028.775,0.8,0.8,-365.6979627619951,-6.965675481180859,compression
80,19,23,bottom_chord,4,100.0,42.0,126.0,171.5,1.0,1.0,349.38756448245823,8.318751535296624,tension
81,20,24,top_chord,5,106.51030205780305,52.5,1824.24375,2028.775,0.8,0.8,-412.6794144137288,-7.860560274547216,compression
82,23,27,bottom_chord,4,100.0,42.0,126.0,171.5,1.0,1.0,393.5999221512144,9.371426717886058,tension
83,24,28,top_chord,5,100.0,52.5,1824.24375,2028.775,0.8,0.8,-451.0187521935629,-8.590833375115484,compression
84,27,31,bottom_chord,4,100.0,42.0,126.0,171.5,1.0,1.0,457.37789961416144,10.889949990813367,tension
85,28,32,top_chord,5,100.0,52.5,1824.24375,2028.775,0.8,0.8,-474.86815302944245,-9.045107676751284,compression
86,31,35,bottom_chord,4,100.0,42.0,126.0,171.5,1.0,1.0,458.78895422362035,10.923546529133818,tension
87,32,36,top_chord,5,100.0,52.5,1824.24375,2028.775,0.8,0.8,-481.4168374593382,-9.169844523035014,compression
88,35,39,bottom_chord,4,100.0,42.0,126.0,171.5,1.0,1.0,402.40203975440596,9.581000946533475,tension
89,36,40,top_chord,5,100.0,52.5,1824.24375,2028.775,0.8,0.8,-465.3376156388722,-8.863573631216614,compression
90,39,43,bottom_chord,4,100.0,42.0,126.0,171.5,1.0,1.0,366.5918747353357,8.728377969888944,tension
91,40,44,top_chord,5,106.51030205780306,52.5,1824.24375,2028.775,0.8,0.8,-435.3727059045779,-8.292813445801483,compression
92,43,47,bottom_chord,4,100.0,42.0,126.0,171.5,1.0,1.0,309.3544824790592,7.3655829161680755,tension
93,44,48,top_chord,5,106.51030205780305,52.5,1824.24375,2028.775,0.8,0.8,-397.00304197777865,-7.561962704338641,compression
94,47,51,bottom_chord,4,100.0,42.0,126.0,171.5,1.0,1.0,208.86127284644098,4.972887448724785,tension
95,48,52,top_chord,5,106.51030205780306,52.5,1824.24375,2028.775,0.8,0.8,-335.9299153531597,-6.398665054345899,compression
96,51,55,bottom_chord,4,100.0,42.0,126.0,171.5,1.0,1.0,-2.54071950231582,-0.060493321483710005,compression
97,52,56,top_chord,5,106.51030205780306,52.5,1824.24375,2028.775,0.8,0.8,-228.1767474788677,-4.346223761502242,compression
98,55,59,bottom_chord,4,100.0,42.0,126.0,171.5,1.0,1.0,0.09031682489898607,0.0021504005928330017,tension
99,56,60,top_chord,5,100.0,52.5,1824.24375,2028.775,0.8,0.8,-0.36126729959447546,-0.006881281897037628,compression
100,3,4,vertical,3,73.33333333333333,31.5,53.15625,128.625,1.0,1.0,0.0784936400248409,0.0024918615880901874,tension
101,7,8,vertical,3,73.33333333333333,31.5,53.15625,128.625,1.0,1.0,-198.3410644700119,-6.296541729206727,compression
102,11,12,vertical,3,110.0,31.5,53.15625,128.625,1.0,1.0,-130.7672154174797,-4.151340171983482,compression
103,15,16,vertical,3,146.66666666666669,31.5,53.15625,128.625,1.0,1.0,-96.13092765802388,-3.051775481207107,compression
104,19,20,vertical,3,183.33333333333334,31.5,53.15625,128.625,1.0,1.0,-74.65268850539631,-2.3699266192189308,compression
105,23,24,vertical,3,220.0,31.5,53.15625,128.625,1.0,1.0,-60.53202089427555,-1.9216514569611285,compression
106,27,28,vertical,3,220.0,31.5,53.15625,128.625,1.0,1.0,-109.44123002763992,-3.47432476278222,compression
107,31,32,vertical,3,220.0,31.5,53.15625,128.625,1.0,1.0,-76.86741746560035,-2.440235475098424,compression
108,35,36,vertical,3,220.0,31.5,53.15625,128.625,1.0,1.0,-121.16104325645098,-3.8463823256016183,compression
109,39,40,vertical,3,220.0,31.5,53.15625,128.625,1.0,1.0,-67.58094800543958,-2.1454269208076058,compression
110,43,44,vertical,3,183.33333333333331,31.5,53.15625,128.625,1.0,1.0,-83.86502907271337,-2.662381875324234,compression
111,47,48,vertical,3,146.66666666666666,31.5,53.15625,128.625,1.0,1.0,-108.86953805933427,-3.4561758114074372,compression
112,51,52,vertical,3,109.99999999999999,31.5,53.15625,128.625,1.0,1.0,-151.78242178509103,-4.81848958047908,compression
113,55,56,vertical,3,73.33333333333331,31.5,53.15625,128.625,1.0,1.0,-236.4636676555707,-7.506783100176848,compression
114,59,60,vertical,3,73.33333333333331,31.5,53.15625,128.625,1.0,1.0,-0.06623233825915091,-0.0021026139129889177,compression
115,4,7,diagonal,3,124.0071682515885,31.5,53.15625,128.625,1.0,1.0,-0.17172829846289717,-0.005451692014695148,compression
116,4,7,chord_lacing,1,124.0071682515885,10.5,1.96875,42.875,1.0,1.0,-0.05724276615429906,-0.005451692014695149,compression
117,8,11,diagonal,3,124.0071682515885,31.5,53.15625,128.625,1.0,1.0,171.5145875196527,5.444907540306435,tension
118,8,11,chord_lacing,1,124.0071682515885,10.5,1.96875,42.875,1.0,1.0,57.17152917321757,5.444907540306436,tension
119,12,15,diagonal,3,148.66068747318505,31.5,53.15625,128.625,1.0,1.0,104.86898831592173,3.3291742322514835,tension
120,12,15,chord_lacing,1,148.66068747318505,10.5,1.96875,42.875,1.0,1.0,34.95632943864057,3.329174232251483,tension
121,16,19,diagonal,3,177.5136927425913,31.5,53.15625,128.625,1.0,1.0,75.85090931082189,2.4079653749467265,tension
122,16,19,chord_lacing,1,177.5136927425913,10.5,1.96875,42.875,1.0,1.0,25.283636436940633,2.407965374946727,tension
123,20,23,diagonal,3,208.8327347690278,31.5,53.15625,128.625,1.0,1.0,59.622837602983275,1.8927884953328025,tension
124,20,23,chord_lacing,1,208.8327347690278,10.5,1.96875,42.875,1.0,1.0,19.874279200994426,1.8927884953328025,tension
125,24,27,diagonal,3,241.66091947189145,31.5,53.15625,128.625,1.0,1.0,104.06915447275888,3.303782681674885,tension
126,24,27,chord_lacing,1,241.66091947189145,10.5,1.96875,42.875,1.0,1.0,34.68971815758629,3.303782681674885,tension
127,28,31,diagonal,3,241.66091947189145,31.5,53.15625,128.625,1.0,1.0,31.700330416003755,1.006359695746151,tension
128,28,31,chord_lacing,1,241.66091947189145,10.5,1.96875,42.875,1.0,1.0,10.566776805334586,1.006359695746151,tension
129,31,36,diagonal,3,241.66091947189145,31.5,53.15625,128.625,1.0,1.0,41.012063013351394,1.3019702543921077,tension
130,31,36,chord_lacing,1,241.66091947189145,10.5,1.96875,42.875,1.0,1.0,13.67068767111713,1.3019702543921077,tension
131,35,40,diagonal,3,241.66091947189145,31.5,53.15625,128.625,1.0,1.0,114.06801851800155,3.6212069370794144,tension
132,35,40,chord_lacing,1,241.66091947189145,10.5,1.96875,42.875,1.0,1.0,38.02267283933385,3.6212069370794144,tension
133,39,44,diagonal,3,208.83273476902778,31.5,53.15625,128.625,1.0,1.0,66.04739446706614,2.096742681494163,tension
134,39,44,chord_lacing,1,208.83273476902778,10.5,1.96875,42.875,1.0,1.0,22.015798155688714,2.096742681494163,tension
135,43,48,diagonal,3,177.5136927425913,31.5,53.15625,128.625,1.0,1.0,84.38415730564407,2.6788621366871133,tension
136,43,48,chord_lacing,1,177.5136927425913,10.5,1.96875,42.875,1.0,1.0,28.12805243521469,2.6788621366871133,tension
137,47,52,diagonal,3,148.66068747318505,31.5,53.15625,128.625,1.0,1.0,118.78215838436833,3.770862170932328,tension
138,47,52,chord_lacing,1,148.66068747318505,10.5,1.96875,42.875,1.0,1.0,39.59405279478944,3.7708621709323276,tension
139,51,56,diagonal,3,124.00716825158848,31.5,53.15625,128.625,1.0,1.0,201.60818508717284,6.400259844037233,tension
140,51,56,chord_lacing,1,124.00716825158848,10.5,1.96875,42.875,1.0,1.0,67.20272836239094,6.400259844037232,tension
141,55,60,diagonal,3,124.00716825158848,31.5,53.15625,128.625,1.0,1.0,0.16799900551778912,0.005333301762469496,tension
142,55,60,chord_lacing,1,124.00716825158848,10.5,1.96875,42.875,1.0,1.0,0.05599966850592971,0.005333301762469496,tension
143,1,3,bottom_transverse,2,170.0,21.0,15.75,85.75,1.0,1.0,0.0,0.0,tension
144,2,4,top_transverse,2,170.0,21.0,15.75,85.75,1.0,1.0,-0.1319312685543459,-0.006282441359730757,compression
145,5,7,bottom_transverse,2,170.0,21.0,15.75,85.75,1.0,1.0,5.216111463182835,0.24838626015156356,tension
146,6,8,top_transverse,2,170.0,21.0,15.75,85.75,1.0,1.0,9.836311760512174,0.46839579811962734,tension
147,9,11,bottom_transverse,2,170.0,21.0,15.75,85.75,1.0,1.0,1.973229023424959,0.09396328682975995,tension
148,10,12,top_transverse,2,170.0,21.0,15.75,85.75,1.0,1.0,16.03446420652308,0.7635459145963371,tension
149,13,15,bottom_transverse,2,170.0,21.0,15.75,85.75,1.0,1.0,-0.6293492830929086,-0.029969013480614697,compression
150,14,16,top_transverse,2,170.0,21.0,15.75,85.75,1.0,1.0,18.76988621627619,0.8938041055369614,tension
151,17,19,bottom_transverse,2,170.0,21.0,15.75,85.75,1.0,1.0,-2.012469626118262,-0.09583188695801248,compression
152,18,20,top_transverse,2,170.0,21.0,15.75,85.75,1.0,1.0,18.706114422339056,0.8907673534447169,tension
153,21,23,bottom_transverse,2,170.0,21.0,15.75,85.75,1.0,1.0,-3.2924677223507803,-0.15678417725479907,compression
154,22,24,top_transverse,2,170.0,21.0,15.75,85.75,1.0,1.0,17.96457252981818,0.8554558347532467,tension
155,25,27,bottom_transverse,2,170.0,21.0,15.75,85.75,1.0,1.0,2.2332372538026957,0.1063446311334617,tension
156,26,28,top_transverse,2,170.0,21.0,15.75,85.75,1.0,1.0,24.17655139963949,1.151264352363785,tension
157,29,31,bottom_transverse,2,170.0,21.0,15.75,85.75,1.0,1.0,-2.3294810838971984,-0.11092767066177135,compression
158,30,32,top_transverse,2,170.0,21.0,15.75,85.75,1.0,1.0,19.936006852858306,0.9493336596599193,tension
159,33,35,bottom_transverse,2,170.0,21.0,15.75,85.75,1.0,1.0,2.2333120813148395,0.1063481943483257,tension
160,34,36,top_transverse,2,170.0,21.0,15.75,85.75,1.0,1.0,24.176476572127378,1.1512607891489228,tension
161,37,39,bottom_transverse,2,170.0,21.0,15.75,85.75,1.0,1.0,-3.292314544364549,-0.15677688306497853,compression
162,38,40,top_transverse,2,170.0,21.0,15.75,85.75,1.0,1.0,17.964419351832266,0.8554485405634412,tension
163,41,43,bottom_transverse,2,170.0,21.0,15.75,85.75,1.0,1.0,-2.012159524791064,-0.0958171202281459,compression
164,42,44,top_transverse,2,170.0,21.0,15.75,85.75,1.0,1.0,18.705804321011776,0.8907525867148465,tension
165,45,47,bottom_transverse,2,170.0,21.0,15.75,85.75,1.0,1.0,-0.6287670685327015,-0.02994128897774769,compression
166,46,48,top_transverse,2,170.0,21.0,15.75,85.75,1.0,1.0,18.769304001715906,0.8937763810340907,tension
167,49,51,bottom_transverse,2,170.0,21.0,15.75,85.75,1.0,1.0,1.9739573154688443,0.0939979674032783,tension
168,50,52,top_transverse,2,170.0,21.0,15.75,85.75,1.0,1.0,16.03373591447889,0.7635112340228043,tension
169,53,55,bottom_transverse,2,170.0,21.0,15.75,85.75,1.0,1.0,5.213061432551406,0.248241020597686,tension
170,54,56,top_transverse,2,170.0,21.0,15.75,85.75,1.0,1.0,9.8393617911433,0.4685410376734905,tension
171,57,59,bottom_transverse,2,170.0,21.0,15.75,85.75,1.0,1.0,0.15353860232748068,0.007311362015594318,tension
172,58,60,top_transverse,2,170.0,21.0,15.75,85.75,1.0,1.0,-0.1535386023278917,-0.007311362015613891,compression
173,1,7,bottom_bracing,1,197.2308292331602,10.5,1.96875,42.875,1.0,1.0,-0.3641737294822922,-0.034683212331646875,compression
174,2,8,top_bracing,1,197.2308292331602,10.5,1.96875,42.875,1.0,1.0,0.3641737294826103,0.03468321233167717,tension
175,5,11,bottom_bracing,1,197.2308292331602,10.5,1.96875,42.875,1.0,1.0,5.724443940456469,0.5451851371863304,tension
176,6,12,top_bracing,1,200.61018031108102,10.5,1.96875,42.875,1.0,1.0,-5.822526506330321,-0.554526333936221,compression
177,9,15,bottom_bracing,1,197.2308292331602,10.5,1.96875,42.875,1.0,1.0,10.589138854867006,1.0084894147492387,tension
178,10,16,top_bracing,1,200.61018031108102,10.5,1.96875,42.875,1.0,1.0,-10.77057305530366,-1.0257688624098722,compression
179,13,19,bottom_bracing,1,197.2308292331602,10.5,1.96875,42.875,1.0,1.0,11.91749234530947,1.1349992709818542,tension
180,14,20,top_bracing,1,200.61018031108102,10.5,1.96875,42.875,1.0,1.0,-12.121686541316882,-1.1544463372682745,compression
181,17,23,bottom_bracing,1,197.2308292331602,10.5,1.96875,42.875,1.0,1.0,12.11982243359797,1.1542688031998065,tension
182,18,24,top_bracing,1,200.61018031108102,10.5,1.96875,42.875,1.0,1.0,-12.327483351337298,-1.174046033460695,compression
183,21,27,bottom_bracing,1,197.2308292331602,10.5,1.96875,42.875,1.0,1.0,12.542199189802565,1.1944951609335777,tension
184,22,28,top_bracing,1,197.2308292331602,10.5,1.96875,42.875,1.0,1.0,-12.542199189801837,-1.1944951609335082,compression
185,25,31,bottom_bracing,1,197.2308292331602,10.5,1.96875,42.875,1.0,1.0,12.916024604946124,1.2300975814234403,tension
186,26,32,top_bracing,1,197.2308292331602,10.5,1.96875,42.875,1.0,1.0,-12.916024604945587,-1.2300975814233892,compression
187,29,35,bottom_bracing,1,197.2308292331602,10.5,1.96875,42.875,1.0,1.0,12.915979212979126,1.2300932583789643,tension
188,30,36,top_bracing,1,197.2308292331602,10.5,1.96875,42.875,1.0,1.0,-12.915979212978288,-1.2300932583788846,compression
189,33,39,bottom_bracing,1,197.2308292331602,10.5,1.96875,42.875,1.0,1.0,12.542070954801654,1.194482948076348,tension
190,34,40,top_bracing,1,197.2308292331602,10.5,1.96875,42.875,1.0,1.0,-12.542070954800922,-1.1944829480762782,compression
191,37,43,bottom_bracing,1,197.2308292331602,10.5,1.96875,42.875,1.0,1.0,12.11959524011367,1.1542471657251114,tension
192,38,44,top_bracing,1,200.61018031108102,10.5,1.96875,42.875,1.0,1.0,-12.327252265122073,-1.1740240252497212,compression
193,41,47,bottom_bracing,1,197.2308292331602,10.5,1.96875,42.875,1.0,1.0,11.916999991242037,1.1349523801182893,tension
194,42,48,top_bracing,1,200.61018031108102,10.5,1.96875,42.875,1.0,1.0,-12.121185751259402,-1.1543986429770858,compression
195,45,51,bottom_bracing,1,197.2308292331602,10.5,1.96875,42.875,1.0,1.0,10.58828025998754,1.0084076438083371,tension
196,46,52,top_bracing,1,200.61018031108102,10.5,1.96875,42.875,1.0,1.0,-10.769699749267668,-1.0256856904064446,compression
197,49,55,bottom_bracing,1,197.2308292331602,10.5,1.96875,42.875,1.0,1.0,5.723612633644951,0.545105965109043,tension
198,50,56,top_bracing,1,200.61018031108102,10.5,1.96875,42.875,1.0,1.0,-5.821680955915745,-0.5544458053253091,compression
199,53,59,bottom_bracing,1,197.2308292331602,10.5,1.96875,42.875,1.0,1.0,-0.3562652453693058,-0.03393002336850531,compression
200,54,60,top_bracing,1,197.2308292331602,10.5,1.96875,42.875,1.0,1.0,0.3562652453699574,0.033930023368567375,tension
201,1,4,cross_frame_bracing,1,185.14258769331755,10.5,1.96875,42.875,1.0,1.0,0.14368292034006144,0.013684087651434423,tension
202,2,3,cross_frame_bracing,1,185.14258769331755,10.5,1.96875,42.875,1.0,1.0,-0.1981706677043741,-0.018873396924226106,compression
203,5,8,cross_frame_bracing,1,185.14258769331755,10.5,1.96875,42.875,1.0,1.0,-11.054325427452873,-1.0527928978526546,compression
204,6,7,cross_frame_bracing,1,185.14258769331755,10.5,1.96875,42.875,1.0,1.0,-5.338878023664372,-0.5084645736823211,compression
205,9,12,cross_frame_bracing,1,202.48456731316588,10.5,1.96875,42.875,1.0,1.0,-13.221491994360738,-1.2591897137486416,compression
206,10,11,cross_frame_bracing,1,202.48456731316588,10.5,1.96875,42.875,1.0,1.0,-8.227213723135186,-0.783544164108113,compression
207,13,16,cross_frame_bracing,1,224.5241882539855,10.5,1.96875,42.875,1.0,1.0,-12.735467779126205,-1.2129016932501149,compression
208,14,15,cross_frame_bracing,1,224.5241882539855,10.5,1.96875,42.875,1.0,1.0,-11.223292982135698,-1.0688850459176855,compression
209,17,20,cross_frame_bracing,1,250.0222212346557,10.5,1.96875,42.875,1.0,1.0,-12.404073041746344,-1.181340289690128,compression
210,18,19,cross_frame_bracing,1,250.0222212346557,10.5,1.96875,42.875,1.0,1.0,-12.147586678569017,-1.156913017006573,compression
211,21,24,cross_frame_bracing,1,278.0287754891569,10.5,1.96875,42.875,1.0,1.0,-12.295549298078614,-1.171004695055106,compression
212,22,23,cross_frame_bracing,1,278.0287754891569,10.5,1.96875,42.875,1.0,1.0,-11.700140898797263,-1.114299133218787,compression
213,25,28,cross_frame_bracing,1,278.0287754891569,10.5,1.96875,42.875,1.0,1.0,-21.85960489021475,-2.081867132401405,compression
214,26,27,cross_frame_bracing,1,278.0287754891569,10.5,1.96875,42.875,1.0,1.0,-21.33263746416224,-2.031679758491642,compression
215,29,32,cross_frame_bracing,1,278.0287754891569,10.5,1.96875,42.875,1.0,1.0,-14.397382124463405,-1.3711792499488957,compression
216,30,31,cross_frame_bracing,1,278.0287754891569,10.5,1.96875,42.875,1.0,1.0,-14.397446111787904,-1.3711853439798003,compression
217,33,36,cross_frame_bracing,1,278.0287754891569,10.5,1.96875,42.875,1.0,1.0,-21.33257907383066,-2.031674197507682,compression
218,34,35,cross_frame_bracing,1,278.0287754891569,10.5,1.96875,42.875,1.0,1.0,-21.8596632805468,-2.0818726933854097,compression
219,37,40,cross_frame_bracing,1,278.0287754891569,10.5,1.96875,42.875,1.0,1.0,-11.70007114979801,-1.1142924904569533,compression
220,38,39,cross_frame_bracing,1,278.0287754891569,10.5,1.96875,42.875,1.0,1.0,-12.295619047078524,-1.1710113378170024,compression
221,41,44,cross_frame_bracing,1,250.02222123465566,10.5,1.96875,42.875,1.0,1.0,-12.14741861144115,-1.1568970106134429,compression
222,42,43,cross_frame_bracing,1,250.02222123465566,10.5,1.96875,42.875,1.0,1.0,-12.40424110887423,-1.18135629608326,compression
223,45,48,cross_frame_bracing,1,224.52418825398547,10.5,1.96875,42.875,1.0,1.0,-11.22308452101082,-1.068865192477221,compression
224,46,47,cross_frame_bracing,1,224.52418825398547,10.5,1.96875,42.875,1.0,1.0,-12.735676240251147,-1.2129215466905854,compression
225,49,52,cross_frame_bracing,1,202.48456731316588,10.5,1.96875,42.875,1.0,1.0,-8.227227730612292,-0.7835454981535516,compression
226,50,51,cross_frame_bracing,1,202.48456731316588,10.5,1.96875,42.875,1.0,1.0,-13.221477986883697,-1.2591883797032093,compression
227,53,56,cross_frame_bracing,1,185.14258769331752,10.5,1.96875,42.875,1.0,1.0,-5.3429800890310055,-0.5088552465743815,compression
228,54,55,cross_frame_bracing,1,185.14258769331752,10.5,1.96875,42.875,1.0,1.0,-11.050223362086259,-1.052402224960596,compression
229,57,60,cross_frame_bracing,1,185.14258769331752,10.5,1.96875,42.875,1.0,1.0,-0.16721490674015377,-0.015925229213347977,compression
230,58,59,cross_frame_bracing,1,185.14258769331752,10.5,1.96875,42.875,1.0,1.0,0.1672149067399956,0.015925229213332913,tension
231,1,5,support_pad,4,100.0,42.0,7.875,2744.0,0.7,0.7,0.09232170521076502,0.0021981358383515483,tension
232,53,57,support_pad,4,100.0,42.0,7.875,2744.0,0.7,0.7,-5.595524044110789e-13,-1.3322676295501878e-14,compression
233,3,7,support_pad,4,100.0,42.0,7.875,2744.0,0.7,0.7,0.0,0.0,tension
234,55,59,support_pad,4,100.0,42.0,7.875,2744.0,0.7,0.7,0.09031682489898607,0.0021504005928330017,tension
