id,i,j,group,n_sticks,A,Asy,Asz,Iy,Iz,J,E,G,Ky,Kz,L
1,1,5,bottom_chord,4,42.0,42.0,42.0,126.0,171.5,104.125,6000.0,500.0,1.0,1.0,100.0
2,2,6,top_chord,5,52.5,52.5,52.5,1824.24375,2028.775,1348.5565625,6000.0,500.0,0.8,0.8,100.0
3,5,9,bottom_chord,4,42.0,42.0,42.0,126.0,171.5,104.125,6000.0,500.0,1.0,1.0,100.0
4,6,10,top_chord,5,52.5,52.5,52.5,1824.24375,2028.775,1348.5565625,6000.0,500.0,0.8,0.8,106.51030205780306
5,9,13,bottom_chord,4,42.0,42.0,42.0,126.0,171.5,104.125,6000.0,500.0,1.0,1.0,100.0
6,10,14,top_chord,5,52.5,52.5,52.5,1824.24375,2028.775,1348.5565625,6000.0,500.0,0.8,0.8,106.51030205780306
7,13,17,bottom_chord,4,42.0,42.0,42.0,126.0,171.5,104.125,6000.0,500.0,1.0,1.0,100.0
8,14,18,top_chord,5,52.5,52.5,52.5,1824.24375,2028.775,1348.5565625,6000.0,500.0,0.8,0.8,106.51030205780305
9,17,21,bottom_chord,4,42.0,42.0,42.0,126.0,171.5,104.125,6000.0,500.0,1.0,1.0,100.0
10,18,22,top_chord,5,52.5,52.5,52.5,1824.24375,2028.775,1348.5565625,6000.0,500.0,0.8,0.8,106.51030205780305
11,21,25,bottom_chord,4,42.0,42.0,42.0,126.0,171.5,104.125,6000.0,500.0,1.0,1.0,100.0
12,22,26,top_chord,5,52.5,52.5,52.5,1824.24375,2028.775,1348.5565625,6000.0,500.0,0.8,0.8,100.0
13,25,29,bottom_chord,4,42.0,42.0,42.0,126.0,171.5,104.125,6000.0,500.0,1.0,1.0,100.0
14,26,30,top_chord,5,52.5,52.5,52.5,1824.24375,2028.775,1348.5565625,6000.0,500.0,0.8,0.8,100.0
15,29,33,bottom_chord,4,42.0,42.0,42.0,126.0,171.5,104.125,6000.0,500.0,1.0,1.0,100.0
16,30,34,top_chord,5,52.5,52.5,52.5,1824.24375,2028.775,1348.5565625,6000.0,500.0,0.8,0.8,100.0
17,33,37,bottom_chord,4,42.0,42.0,42.0,126.0,171.5,104.125,6000.0,500.0,1.0,1.0,100.0
18,34,38,top_chord,5,52.5,52.5,52.5,1824.24375,2028.775,1348.5565625,6000.0,500.0,0.8,0.8,100.0
19,37,41,bottom_chord,4,42.0,42.0,42.0,126.0,171.5,104.125,6000.0,500.0,1.0,1.0,100.0
20,38,42,top_chord,5,52.5,52.5,52.5,1824.24375,2028.775,1348.5565625,6000.0,500.0,0.8,0.8,106.51030205780306
21,41,45,bottom_chord,4,42.0,42.0,42.0,126.0,171.5,104.125,6000.0,500.0,1.0,1.0,100.0
22,42,46,top_chord,5,52.5,52.5,52.5,1824.24375,2028.775,1348.5565625,6000.0,500.0,0.8,0.8,106.51030205780305
23,45,49,bottom_chord,4,42.0,42.0,42.0,126.0,171.5,104.125,6000.0,500.0,1.0,1.0,100.0
24,46,50,top_chord,5,52.5,52.5,52.5,1824.24375,2028.775,1348.5565625,6000.0,500.0,0.8,0.8,106.51030205780306
25,49,53,bottom_chord,4,42.0,42.0,42.0,126.0,171.5,104.125,6000.0,500.0,1.0,1.0,100.0
26,50,54,top_chord,5,52.5,52.5,52.5,1824.24375,2028.775,1348.5565625,6000.0,500.0,0.8,0.8,106.51030205780306
27,53,57,bottom_chord,4,42.0,42.0,42.0,126.0,171.5,104.125,6000.0,500.0,1.0,1.0,100.0
28,54,58,top_chord,5,52.5,52.5,52.5,1824.24375,2028.775,1348.5565625,6000.0,500.0,0.8,0.8,100.0
29,1,2,vertical,3,31.5,31.5,31.5,53.15625,128.625,63.623437499999994,6000.0,500.0,1.0,1.0,73.33333333333333
30,5,6,vertical,3,31.5,31.5,31.5,53.15625,128.625,63.623437499999994,6000.0,500.0,1.0,1.0,73.33333333333333
31,9,10,vertical,3,31.5,31.5,31.5,53.15625,128.625,63.623437499999994,6000.0,500.0,1.0,1.0,110.0
32,13,14,vertical,3,31.5,31.5,31.5,53.15625,128.625,63.623437499999994,6000.0,500.0,1.0,1.0,146.66666666666669
33,17,18,vertical,3,31.5,31.5,31.5,53.15625,128.625,63.623437499999994,6000.0,500.0,1.0,1.0,183.33333333333334
34,21,22,vertical,3,31.5,31.5,31.5,53.15625,128.625,63.623437499999994,6000.0,500.0,1.0,1.0,220.0
35,25,26,vertical,3,31.5,31.5,31.5,53.15625,128.625,63.623437499999994,6000.0,500.0,1.0,1.0,220.0
36,29,30,vertical,3,31.5,31.5,31.5,53.15625,128.625,63.623437499999994,6000.0,500.0,1.0,1.0,220.0
37,33,34,vertical,3,31.5,31.5,31.5,53.15625,128.625,63.623437499999994,6000.0,500.0,1.0,1.0,220.0
38,37,38,vertical,3,31.5,31.5,31.5,53.15625,128.625,63.623437499999994,6000.0,500.0,1.0,1.0,220.0
39,41,42,vertical,3,31.5,31.5,31.5,53.15625,128.625,63.623437499999994,6000.0,500.0,1.0,1.0,183.33333333333331
40,45,46,vertical,3,31.5,31.5,31.5,53.15625,128.625,63.623437499999994,6000.0,500.0,1.0,1.0,146.66666666666666
41,49,50,vertical,3,31.5,31.5,31.5,53.15625,128.625,63.623437499999994,6000.0,500.0,1.0,1.0,109.99999999999999
42,53,54,vertical,3,31.5,31.5,31.5,53.15625,128.625,63.623437499999994,6000.0,500.0,1.0,1.0,73.33333333333331
43,57,58,vertical,3,31.5,31.5,31.5,53.15625,128.625,63.623437499999994,6000.0,500.0,1.0,1.0,73.33333333333331
44,2,5,diagonal,3,31.5,31.5,31.5,53.15625,128.625,63.623437499999994,6000.0,500.0,1.0,1.0,124.0071682515885
45,2,5,chord_lacing,1,10.5,10.5,10.5,1.96875,42.875,15.695312499999998,6000.0,500.0,1.0,1.0,124.0071682515885
46,6,9,diagonal,3,31.5,31.5,31.5,53.15625,128.625,63.623437499999994,6000.0,500.0,1.0,1.0,124.0071682515885
47,6,9,chord_lacing,1,10.5,10.5,10.5,1.96875,42.875,15.695312499999998,6000.0,500.0,1.0,1.0,124.0071682515885
48,10,13,diagonal,3,31.5,31.5,31.5,53.15625,128.625,63.623437499999994,6000.0,500.0,1.0,1.0,148.66068747318505
49,10,13,chord_lacing,1,10.5,10.5,10.5,1.96875,42.875,15.695312499999998,6000.0,500.0,1.0,1.0,148.66068747318505
50,14,17,diagonal,3,31.5,31.5,31.5,53.15625,128.625,63.623437499999994,6000.0,500.0,1.0,1.0,177.5136927425913
51,14,17,chord_lacing,1,10.5,10.5,10.5,1.96875,42.875,15.695312499999998,6000.0,500.0,1.0,1.0,177.5136927425913
52,18,21,diagonal,3,31.5,31.5,31.5,53.15625,128.625,63.623437499999994,6000.0,500.0,1.0,1.0,208.8327347690278
53,18,21,chord_lacing,1,10.5,10.5,10.5,1.96875,42.875,15.695312499999998,6000.0,500.0,1.0,1.0,208.8327347690278
54,22,25,diagonal,3,31.5,31.5,31.5,53.15625,128.625,63.623437499999994,6000.0,500.0,1.0,1.0,241.66091947189145
55,22,25,chord_lacing,1,10.5,10.5,10.5,1.96875,42.875,15.695312499999998,6000.0,500.0,1.0,1.0,241.66091947189145
56,26,29,diagonal,3,31.5,31.5,31.5,53.15625,128.625,63.623437499999994,6000.0,500.0,1.0,1.0,241.66091947189145
57,26,29,chord_lacing,1,10.5,10.5,10.5,1.96875,42.875,15.695312499999998,6000.0,500.0,1.0,1.0,241.66091947189145
58,29,34,diagonal,3,31.5,31.5,31.5,53.15625,128.625,63.623437499999994,6000.0,500.0,1.0,1.0,241.66091947189145
59,29,34,chord_lacing,1,10.5,10.5,10.5,1.96875,42.875,15.695312499999998,6000.0,500.0,1.0,1.0,241.66091947189145
60,33,38,diagonal,3,31.5,31.5,31.5,53.15625,128.625,63.623437499999994,6000.0,500.0,1.0,1.0,241.66091947189145
61,33,38,chord_lacing,1,10.5,10.5,10.5,1.96875,42.875,15.695312499999998,6000.0,500.0,1.0,1.0,241.66091947189145
62,37,42,diagonal,3,31.5,31.5,31.5,53.15625,128.625,63.623437499999994,6000.0,500.0,1.0,1.0,208.83273476902778
63,37,42,chord_lacing,1,10.5,10.5,10.5,1.96875,42.875,15.695312499999998,6000.0,500.0,1.0,1.0,208.83273476902778
64,41,46,diagonal,3,31.5,31.5,31.5,53.15625,128.625,63.623437499999994,6000.0,500.0,1.0,1.0,177.5136927425913
65,41,46,chord_lacing,1,10.5,10.5,10.5,1.96875,42.875,15.695312499999998,6000.0,500.0,1.0,1.0,177.5136927425913
66,45,50,diagonal,3,31.5,31.5,31.5,53.15625,128.625,63.623437499999994,6000.0,500.0,1.0,1.0,148.66068747318505
67,45,50,chord_lacing,1,10.5,10.5,10.5,1.96875,42.875,15.695312499999998,6000.0,500.0,1.0,1.0,148.66068747318505
68,49,54,diagonal,3,31.5,31.5,31.5,53.15625,128.625,63.623437499999994,6000.0,500.0,1.0,1.0,124.00716825158848
69,49,54,chord_lacing,1,10.5,10.5,10.5,1.96875,42.875,15.695312499999998,6000.0,500.0,1.0,1.0,124.00716825158848
70,53,58,diagonal,3,31.5,31.5,31.5,53.15625,128.625,63.623437499999994,6000.0,500.0,1.0,1.0,124.00716825158848
71,53,58,chord_lacing,1,10.5,10.5,10.5,1.96875,42.875,15.695312499999998,6000.0,500.0,1.0,1.0,124.00716825158848
72,3,7,bottom_chord,4,42.0,42.0,42.0,126.0,171.5,104.125,6000.0,500.0,1.0,1.0,100.0
73,4,8,top_chord,5,52.5,52.5,52.5,1824.24375,2028.775,1348.5565625,6000.0,500.0,0.8,0.8,100.0
74,7,11,bottom_chord,4,42.0,42.0,42.0,126.0,171.5,104.125,6000.0,500.0,1.0,1.0,100.0
75,8,12,top_chord,5,52.5,52.5,52.5,1824.24375,2028.775,1348.5565625,6000.0,500.0,0.8,0.8,106.51030205780306
76,11,15,bottom_chord,4,42.0,42.0,42.0,126.0,171.5,104.125,6000.0,500.0,1.0,1.0,100.0
77,12,16,top_chord,5,52.5,52.5,52.5,1824.24375,2028.775,1348.5565625,6000.0,500.0,0.8,0.8,106.51030205780306
78,15,19,bottom_chord,4,42.0,42.0,42.0,126.0,171.5,104.125,6000.0,500.0,1.0,1.0,100.0
79,16,20,top_chord,5,52.5,52.5,52.5,1824.24375,2028.775,1348.5565625,6000.0,500.0,0.8,0.8,106.51030205780305
80,19,23,bottom_chord,4,42.0,42.0,42.0,126.0,171.5,104.125,6000.0,500.0,1.0,1.0,100.0
81,20,24,top_chord,5,52.5,52.5,52.5,1824.24375,2028.775,1348.5565625,6000.0,500.0,0.8,0.8,106.51030205780305
82,23,27,bottom_chord,4,42.0,42.0,42.0,126.0,171.5,104.125,6000.0,500.0,1.0,1.0,100.0
83,24,28,top_chord,5,52.5,52.5,52.5,1824.24375,2028.775,1348.5565625,6000.0,500.0,0.8,0.8,100.0
84,27,31,bottom_chord,4,42.0,42.0,42.0,126.0,171.5,104.125,6000.0,500.0,1.0,1.0,100.0
85,28,32,top_chord,5,52.5,52.5,52.5,1824.24375,2028.775,1348.5565625,6000.0,500.0,0.8,0.8,100.0
86,31,35,bottom_chord,4,42.0,42.0,42.0,126.0,171.5,104.125,6000.0,500.0,1.0,1.0,100.0
87,32,36,top_chord,5,52.5,52.5,52.5,1824.24375,2028.775,1348.5565625,6000.0,500.0,0.8,0.8,100.0
88,35,39,bottom_chord,4,42.0,42.0,42.0,126.0,171.5,104.125,6000.0,500.0,1.0,1.0,100.0
89,36,40,top_chord,5,52.5,52.5,52.5,1824.24375,2028.775,1348.5565625,6000.0,500.0,0.8,0.8,100.0
90,39,43,bottom_chord,4,42.0,42.0,42.0,126.0,171.5,104.125,6000.0,500.0,1.0,1.0,100.0
91,40,44,top_chord,5,52.5,52.5,52.5,1824.24375,2028.775,1348.5565625,6000.0,500.0,0.8,0.8,106.51030205780306
92,43,47,bottom_chord,4,42.0,42.0,42.0,126.0,171.5,104.125,6000.0,500.0,1.0,1.0,100.0
93,44,48,top_chord,5,52.5,52.5,52.5,1824.24375,2028.775,1348.5565625,6000.0,500.0,0.8,0.8,106.51030205780305
94,47,51,bottom_chord,4,42.0,42.0,42.0,126.0,171.5,104.125,6000.0,500.0,1.0,1.0,100.0
95,48,52,top_chord,5,52.5,52.5,52.5,1824.24375,2028.775,1348.5565625,6000.0,500.0,0.8,0.8,106.51030205780306
96,51,55,bottom_chord,4,42.0,42.0,42.0,126.0,171.5,104.125,6000.0,500.0,1.0,1.0,100.0
97,52,56,top_chord,5,52.5,52.5,52.5,1824.24375,2028.775,1348.5565625,6000.0,500.0,0.8,0.8,106.51030205780306
98,55,59,bottom_chord,4,42.0,42.0,42.0,126.0,171.5,104.125,6000.0,500.0,1.0,1.0,100.0
99,56,60,top_chord,5,52.5,52.5,52.5,1824.24375,2028.775,1348.5565625,6000.0,500.0,0.8,0.8,100.0
100,3,4,vertical,3,31.5,31.5,31.5,53.15625,128.625,63.623437499999994,6000.0,500.0,1.0,1.0,73.33333333333333
101,7,8,vertical,3,31.5,31.5,31.5,53.15625,128.625,63.623437499999994,6000.0,500.0,1.0,1.0,73.33333333333333
102,11,12,vertical,3,31.5,31.5,31.5,53.15625,128.625,63.623437499999994,6000.0,500.0,1.0,1.0,110.0
103,15,16,vertical,3,31.5,31.5,31.5,53.15625,128.625,63.623437499999994,6000.0,500.0,1.0,1.0,146.66666666666669
104,19,20,vertical,3,31.5,31.5,31.5,53.15625,128.625,63.623437499999994,6000.0,500.0,1.0,1.0,183.33333333333334
105,23,24,vertical,3,31.5,31.5,31.5,53.15625,128.625,63.623437499999994,6000.0,500.0,1.0,1.0,220.0
106,27,28,vertical,3,31.5,31.5,31.5,53.15625,128.625,63.623437499999994,6000.0,500.0,1.0,1.0,220.0
107,31,32,vertical,3,31.5,31.5,31.5,53.15625,128.625,63.623437499999994,6000.0,500.0,1.0,1.0,220.0
108,35,36,vertical,3,31.5,31.5,31.5,53.15625,128.625,63.623437499999994,6000.0,500.0,1.0,1.0,220.0
109,39,40,vertical,3,31.5,31.5,31.5,53.15625,128.625,63.623437499999994,6000.0,500.0,1.0,1.0,220.0
110,43,44,vertical,3,31.5,31.5,31.5,53.15625,128.625,63.623437499999994,6000.0,500.0,1.0,1.0,183.33333333333331
111,47,48,vertical,3,31.5,31.5,31.5,53.15625,128.625,63.623437499999994,6000.0,500.0,1.0,1.0,146.66666666666666
112,51,52,vertical,3,31.5,31.5,31.5,53.15625,128.625,63.623437499999994,6000.0,500.0,1.0,1.0,109.99999999999999
113,55,56,vertical,3,31.5,31.5,31.5,53.15625,128.625,63.623437499999994,6000.0,500.0,1.0,1.0,73.33333333333331
114,59,60,vertical,3,31.5,31.5,31.5,53.15625,128.625,63.623437499999994,6000.0,500.0,1.0,1.0,73.33333333333331
115,4,7,diagonal,3,31.5,31.5,31.5,53.15625,128.625,63.623437499999994,6000.0,500.0,1.0,1.0,124.0071682515885
116,4,7,chord_lacing,1,10.5,10.5,10.5,1.96875,42.875,15.695312499999998,6000.0,500.0,1.0,1.0,124.0071682515885
117,8,11,diagonal,3,31.5,31.5,31.5,53.15625,128.625,63.623437499999994,6000.0,500.0,1.0,1.0,124.0071682515885
118,8,11,chord_lacing,1,10.5,10.5,10.5,1.96875,42.875,15.695312499999998,6000.0,500.0,1.0,1.0,124.0071682515885
119,12,15,diagonal,3,31.5,31.5,31.5,53.15625,128.625,63.623437499999994,6000.0,500.0,1.0,1.0,148.66068747318505
120,12,15,chord_lacing,1,10.5,10.5,10.5,1.96875,42.875,15.695312499999998,6000.0,500.0,1.0,1.0,148.66068747318505
121,16,19,diagonal,3,31.5,31.5,31.5,53.15625,128.625,63.623437499999994,6000.0,500.0,1.0,1.0,177.5136927425913
122,16,19,chord_lacing,1,10.5,10.5,10.5,1.96875,42.875,15.695312499999998,6000.0,500.0,1.0,1.0,177.5136927425913
123,20,23,diagonal,3,31.5,31.5,31.5,53.15625,128.625,63.623437499999994,6000.0,500.0,1.0,1.0,208.8327347690278
124,20,23,chord_lacing,1,10.5,10.5,10.5,1.96875,42.875,15.695312499999998,6000.0,500.0,1.0,1.0,208.8327347690278
125,24,27,diagonal,3,31.5,31.5,31.5,53.15625,128.625,63.623437499999994,6000.0,500.0,1.0,1.0,241.66091947189145
126,24,27,chord_lacing,1,10.5,10.5,10.5,1.96875,42.875,15.695312499999998,6000.0,500.0,1.0,1.0,241.66091947189145
127,28,31,diagonal,3,31.5,31.5,31.5,53.15625,128.625,63.623437499999994,6000.0,500.0,1.0,1.0,241.66091947189145
128,28,31,chord_lacing,1,10.5,10.5,10.5,1.96875,42.875,15.695312499999998,6000.0,500.0,1.0,1.0,241.66091947189145
129,31,36,diagonal,3,31.5,31.5,31.5,53.15625,128.625,63.623437499999994,6000.0,500.0,1.0,1.0,241.66091947189145
130,31,36,chord_lacing,1,10.5,10.5,10.5,1.96875,42.875,15.695312499999998,6000.0,500.0,1.0,1.0,241.66091947189145
131,35,40,diagonal,3,31.5,31.5,31.5,53.15625,128.625,63.623437499999994,6000.0,500.0,1.0,1.0,241.66091947189145
132,35,40,chord_lacing,1,10.5,10.5,10.5,1.96875,42.875,15.695312499999998,6000.0,500.0,1.0,1.0,241.66091947189145
133,39,44,diagonal,3,31.5,31.5,31.5,53.15625,128.625,63.623437499999994,6000.0,500.0,1.0,1.0,208.83273476902778
134,39,44,chord_lacing,1,10.5,10.5,10.5,1.96875,42.875,15.695312499999998,6000.0,500.0,1.0,1.0,208.83273476902778
135,43,48,diagonal,3,31.5,31.5,31.5,53.15625,128.625,63.623437499999994,6000.0,500.0,1.0,1.0,177.5136927425913
136,43,48,chord_lacing,1,10.5,10.5,10.5,1.96875,42.875,15.695312499999998,6000.0,500.0,1.0,1.0,177.5136927425913
137,47,52,diagonal,3,31.5,31.5,31.5,53.15625,128.625,63.623437499999994,6000.0,500.0,1.0,1.0,148.66068747318505
138,47,52,chord_lacing,1,10.5,10.5,10.5,1.96875,42.875,15.695312499999998,6000.0,500.0,1.0,1.0,148.66068747318505
139,51,56,diagonal,3,31.5,31.5,31.5,53.15625,128.625,63.623437499999994,6000.0,500.0,1.0,1.0,124.00716825158848
140,51,56,chord_lacing,1,10.5,10.5,10.5,1.96875,42.875,15.695312499999998,6000.0,500.0,1.0,1.0,124.00716825158848
141,55,60,diagonal,3,31.5,31.5,31.5,53.15625,128.625,63.623437499999994,6000.0,500.0,1.0,1.0,124.00716825158848
142,55,60,chord_lacing,1,10.5,10.5,10.5,1.96875,42.875,15.695312499999998,6000.0,500.0,1.0,1.0,124.00716825158848
143,1,3,bottom_transverse,2,21.0,21.0,21.0,15.75,85.75,35.525,6000.0,500.0,1.0,1.0,170.0
144,2,4,top_transverse,2,21.0,21.0,21.0,15.75,85.75,35.525,6000.0,500.0,1.0,1.0,170.0
145,5,7,bottom_transverse,2,21.0,21.0,21.0,15.75,85.75,35.525,6000.0,500.0,1.0,1.0,170.0
146,6,8,top_transverse,2,21.0,21.0,21.0,15.75,85.75,35.525,6000.0,500.0,1.0,1.0,170.0
147,9,11,bottom_transverse,2,21.0,21.0,21.0,15.75,85.75,35.525,6000.0,500.0,1.0,1.0,170.0
148,10,12,top_transverse,2,21.0,21.0,21.0,15.75,85.75,35.525,6000.0,500.0,1.0,1.0,170.0
149,13,15,bottom_transverse,2,21.0,21.0,21.0,15.75,85.75,35.525,6000.0,500.0,1.0,1.0,170.0
150,14,16,top_transverse,2,21.0,21.0,21.0,15.75,85.75,35.525,6000.0,500.0,1.0,1.0,170.0
151,17,19,bottom_transverse,2,21.0,21.0,21.0,15.75,85.75,35.525,6000.0,500.0,1.0,1.0,170.0
152,18,20,top_transverse,2,21.0,21.0,21.0,15.75,85.75,35.525,6000.0,500.0,1.0,1.0,170.0
153,21,23,bottom_transverse,2,21.0,21.0,21.0,15.75,85.75,35.525,6000.0,500.0,1.0,1.0,170.0
154,22,24,top_transverse,2,21.0,21.0,21.0,15.75,85.75,35.525,6000.0,500.0,1.0,1.0,170.0
155,25,27,bottom_transverse,2,21.0,21.0,21.0,15.75,85.75,35.525,6000.0,500.0,1.0,1.0,170.0
156,26,28,top_transverse,2,21.0,21.0,21.0,15.75,85.75,35.525,6000.0,500.0,1.0,1.0,170.0
157,29,31,bottom_transverse,2,21.0,21.0,21.0,15.75,85.75,35.525,6000.0,500.0,1.0,1.0,170.0
158,30,32,top_transverse,2,21.0,21.0,21.0,15.75,85.75,35.525,6000.0,500.0,1.0,1.0,170.0
159,33,35,bottom_transverse,2,21.0,21.0,21.0,15.75,85.75,35.525,6000.0,500.0,1.0,1.0,170.0
160,34,36,top_transverse,2,21.0,21.0,21.0,15.75,85.75,35.525,6000.0,500.0,1.0,1.0,170.0
161,37,39,bottom_transverse,2,21.0,21.0,21.0,15.75,85.75,35.525,6000.0,500.0,1.0,1.0,170.0
162,38,40,top_transverse,2,21.0,21.0,21.0,15.75,85.75,35.525,6000.0,500.0,1.0,1.0,170.0
163,41,43,bottom_transverse,2,21.0,21.0,21.0,15.75,85.75,35.525,6000.0,500.0,1.0,1.0,170.0
164,42,44,top_transverse,2,21.0,21.0,21.0,15.75,85.75,35.525,6000.0,500.0,1.0,1.0,170.0
165,45,47,bottom_transverse,2,21.0,21.0,21.0,15.75,85.75,35.525,6000.0,500.0,1.0,1.0,170.0
166,46,48,top_transverse,2,21.0,21.0,21.0,15.75,85.75,35.525,6000.0,500.0,1.0,1.0,170.0
167,49,51,bottom_transverse,2,21.0,21.0,21.0,15.75,85.75,35.525,6000.0,500.0,1.0,1.0,170.0
168,50,52,top_transverse,2,21.0,21.0,21.0,15.75,85.75,35.525,6000.0,500.0,1.0,1.0,170.0
169,53,55,bottom_transverse,2,21.0,21.0,21.0,15.75,85.75,35.525,6000.0,500.0,1.0,1.0,170.0
170,54,56,top_transverse,2,21.0,21.0,21.0,15.75,85.75,35.525,6000.0,500.0,1.0,1.0,170.0
171,57,59,bottom_transverse,2,21.0,21.0,21.0,15.75,85.75,35.525,6000.0,500.0,1.0,1.0,170.0
172,58,60,top_transverse,2,21.0,21.0,21.0,15.75,85.75,35.525,6000.0,500.0,1.0,1.0,170.0
173,1,7,bottom_bracing,1,10.5,10.5,10.5,1.96875,42.875,15.695312499999998,6000.0,500.0,1.0,1.0,197.2308292331602
174,2,8,top_bracing,1,10.5,10.5,10.5,1.96875,42.875,15.695312499999998,6000.0,500.0,1.0,1.0,197.2308292331602
175,5,11,bottom_bracing,1,10.5,10.5,10.5,1.96875,42.875,15.695312499999998,6000.0,500.0,1.0,1.0,197.2308292331602
176,6,12,top_bracing,1,10.5,10.5,10.5,1.96875,42.875,15.695312499999998,6000.0,500.0,1.0,1.0,200.61018031108102
177,9,15,bottom_bracing,1,10.5,10.5,10.5,1.96875,42.875,15.695312499999998,6000.0,500.0,1.0,1.0,197.2308292331602
178,10,16,top_bracing,1,10.5,10.5,10.5,1.96875,42.875,15.695312499999998,6000.0,500.0,1.0,1.0,200.61018031108102
179,13,19,bottom_bracing,1,10.5,10.5,10.5,1.96875,42.875,15.695312499999998,6000.0,500.0,1.0,1.0,197.2308292331602
180,14,20,top_bracing,1,10.5,10.5,10.5,1.96875,42.875,15.695312499999998,6000.0,500.0,1.0,1.0,200.61018031108102
181,17,23,bottom_bracing,1,10.5,10.5,10.5,1.96875,42.875,15.695312499999998,6000.0,500.0,1.0,1.0,197.2308292331602
182,18,24,top_bracing,1,10.5,10.5,10.5,1.96875,42.875,15.695312499999998,6000.0,500.0,1.0,1.0,200.61018031108102
183,21,27,bottom_bracing,1,10.5,10.5,10.5,1.96875,42.875,15.695312499999998,6000.0,500.0,1.0,1.0,197.2308292331602
184,22,28,top_bracing,1,10.5,10.5,10.5,1.96875,42.875,15.695312499999998,6000.0,500.0,1.0,1.0,197.2308292331602
185,25,31,bottom_bracing,1,10.5,10.5,10.5,1.96875,42.875,15.695312499999998,6000.0,500.0,1.0,1.0,197.2308292331602
186,26,32,top_bracing,1,10.5,10.5,10.5,1.96875,42.875,15.695312499999998,6000.0,500.0,1.0,1.0,197.2308292331602
187,29,35,bottom_bracing,1,10.5,10.5,10.5,1.96875,42.875,15.695312499999998,6000.0,500.0,1.0,1.0,197.2308292331602
188,30,36,top_bracing,1,10.5,10.5,10.5,1.96875,42.875,15.695312499999998,6000.0,500.0,1.0,1.0,197.2308292331602
189,33,39,bottom_bracing,1,10.5,10.5,10.5,1.96875,42.875,15.695312499999998,6000.0,500.0,1.0,1.0,197.2308292331602
190,34,40,top_bracing,1,10.5,10.5,10.5,1.96875,42.875,15.695312499999998,6000.0,500.0,1.0,1.0,197.2308292331602
191,37,43,bottom_bracing,1,10.5,10.5,10.5,1.96875,42.875,15.695312499999998,6000.0,500.0,1.0,1.0,197.2308292331602
192,38,44,top_bracing,1,10.5,10.5,10.5,1.96875,42.875,15.695312499999998,6000.0,500.0,1.0,1.0,200.61018031108102
193,41,47,bottom_bracing,1,10.5,10.5,10.5,1.96875,42.875,15.695312499999998,6000.0,500.0,1.0,1.0,197.2308292331602
194,42,48,top_bracing,1,10.5,10.5,10.5,1.96875,42.875,15.695312499999998,6000.0,500.0,1.0,1.0,200.61018031108102
195,45,51,bottom_bracing,1,10.5,10.5,10.5,1.96875,42.875,15.695312499999998,6000.0,500.0,1.0,1.0,197.2308292331602
196,46,52,top_bracing,1,10.5,10.5,10.5,1.96875,42.875,15.695312499999998,6000.0,500.0,1.0,1.0,200.61018031108102
197,49,55,bottom_bracing,1,10.5,10.5,10.5,1.96875,42.875,15.695312499999998,6000.0,500.0,1.0,1.0,197.2308292331602
198,50,56,top_bracing,1,10.5,10.5,10.5,1.96875,42.875,15.695312499999998,6000.0,500.0,1.0,1.0,200.61018031108102
199,53,59,bottom_bracing,1,10.5,10.5,10.5,1.96875,42.875,15.695312499999998,6000.0,500.0,1.0,1.0,197.2308292331602
200,54,60,top_bracing,1,10.5,10.5,10.5,1.96875,42.875,15.695312499999998,6000.0,500.0,1.0,1.0,197.2308292331602
201,1,4,cross_frame_bracing,1,10.5,10.5,10.5,1.96875,42.875,15.695312499999998,6000.0,500.0,1.0,1.0,185.14258769331755
202,2,3,cross_frame_bracing,1,10.5,10.5,10.5,1.96875,42.875,15.695312499999998,6000.0,500.0,1.0,1.0,185.14258769331755
203,5,8,cross_frame_bracing,1,10.5,10.5,10.5,1.96875,42.875,15.695312499999998,6000.0,500.0,1.0,1.0,185.14258769331755
204,6,7,cross_frame_bracing,1,10.5,10.5,10.5,1.96875,42.875,15.695312499999998,6000.0,500.0,1.0,1.0,185.14258769331755
205,9,12,cross_frame_bracing,1,10.5,10.5,10.5,1.96875,42.875,15.695312499999998,6000.0,500.0,1.0,1.0,202.48456731316588
206,10,11,cross_frame_bracing,1,10.5,10.5,10.5,1.96875,42.875,15.695312499999998,6000.0,500.0,1.0,1.0,202.48456731316588
207,13,16,cross_frame_bracing,1,10.5,10.5,10.5,1.96875,42.875,15.695312499999998,6000.0,500.0,1.0,1.0,224.5241882539855
208,14,15,cross_frame_bracing,1,10.5,10.5,10.5,1.96875,42.875,15.695312499999998,6000.0,500.0,1.0,1.0,224.5241882539855
209,17,20,cross_frame_bracing,1,10.5,10.5,10.5,1.96875,42.875,15.695312499999998,6000.0,500.0,1.0,1.0,250.0222212346557
210,18,19,cross_frame_bracing,1,10.5,10.5,10.5,1.96875,42.875,15.695312499999998,6000.0,500.0,1.0,1.0,250.0222212346557
211,21,24,cross_frame_bracing,1,10.5,10.5,10.5,1.96875,42.875,15.695312499999998,6000.0,500.0,1.0,1.0,278.0287754891569
212,22,23,cross_frame_bracing,1,10.5,10.5,10.5,1.96875,42.875,15.695312499999998,6000.0,500.0,1.0,1.0,278.0287754891569
213,25,28,cross_frame_bracing,1,10.5,10.5,10.5,1.96875,42.875,15.695312499999998,6000.0,500.0,1.0,1.0,278.0287754891569
214,26,27,cross_frame_bracing,1,10.5,10.5,10.5,1.96875,42.875,15.695312499999998,6000.0,500.0,1.0,1.0,278.0287754891569
215,29,32,cross_frame_bracing,1,10.5,10.5,10.5,1.96875,42.875,15.695312499999998,6000.0,500.0,1.0,1.0,278.0287754891569
216,30,31,cross_frame_bracing,1,10.5,10.5,10.5,1.96875,42.875,15.695312499999998,6000.0,500.0,1.0,1.0,278.0287754891569
217,33,36,cross_frame_bracing,1,10.5,10.5,10.5,1.96875,42.875,15.695312499999998,6000.0,500.0,1.0,1.0,278.0287754891569
218,34,35,cross_frame_bracing,1,10.5,10.5,10.5,1.96875,42.875,15.695312499999998,6000.0,500.0,1.0,1.0,278.0287754891569
219,37,40,cross_frame_bracing,1,10.5,10.5,10.5,1.96875,42.875,15.695312499999998,6000.0,500.0,1.0,1.0,278.0287754891569
220,38,39,cross_frame_bracing,1,10.5,10.5,10.5,1.96875,42.875,15.695312499999998,6000.0,500.0,1.0,1.0,278.0287754891569
221,41,44,cross_frame_bracing,1,10.5,10.5,10.5,1.96875,42.875,15.695312499999998,6000.0,500.0,1.0,1.0,250.02222123465566
222,42,43,cross_frame_bracing,1,10.5,10.5,10.5,1.96875,42.875,15.695312499999998,6000.0,500.0,1.0,1.0,250.02222123465566
223,45,48,cross_frame_bracing,1,10.5,10.5,10.5,1.96875,42.875,15.695312499999998,6000.0,500.0,1.0,1.0,224.52418825398547
224,46,47,cross_frame_bracing,1,10.5,10.5,10.5,1.96875,42.875,15.695312499999998,6000.0,500.0,1.0,1.0,224.52418825398547
225,49,52,cross_frame_bracing,1,10.5,10.5,10.5,1.96875,42.875,15.695312499999998,6000.0,500.0,1.0,1.0,202.48456731316588
226,50,51,cross_frame_bracing,1,10.5,10.5,10.5,1.96875,42.875,15.695312499999998,6000.0,500.0,1.0,1.0,202.48456731316588
227,53,56,cross_frame_bracing,1,10.5,10.5,10.5,1.96875,42.875,15.695312499999998,6000.0,500.0,1.0,1.0,185.14258769331752
228,54,55,cross_frame_bracing,1,10.5,10.5,10.5,1.96875,42.875,15.695312499999998,6000.0,500.0,1.0,1.0,185.14258769331752
229,57,60,cross_frame_bracing,1,10.5,10.5,10.5,1.96875,42.875,15.695312499999998,6000.0,500.0,1.0,1.0,185.14258769331752
230,58,59,cross_frame_bracing,1,10.5,10.5,10.5,1.96875,42.875,15.695312499999998,6000.0,500.0,1.0,1.0,185.14258769331752
231,1,5,support_pad,4,42.0,42.0,42.0,7.875,2744.0,963.1562499999999,6000.0,500.0,0.7,0.7,100.0
232,53,57,support_pad,4,42.0,42.0,42.0,7.875,2744.0,963.1562499999999,6000.0,500.0,0.7,0.7,100.0
233,3,7,support_pad,4,42.0,42.0,42.0,7.875,2744.0,963.1562499999999,6000.0,500.0,0.7,0.7,100.0
234,55,59,support_pad,4,42.0,42.0,42.0,7.875,2744.0,963.1562499999999,6000.0,500.0,0.7,0.7,100.0
